/backbone/conv_stem/Conv,0
/backbone/bn1/act/Sigmoid,0
/backbone/bn1/act/Mul,0
/backbone/blocks.0/blocks.0.0/conv_dw/Conv,0
/backbone/blocks.0/blocks.0.0/bn1/act/Sigmoid,0
/backbone/blocks.0/blocks.0.0/bn1/act/Mul,0
/backbone/blocks.0/blocks.0.0/se/ReduceMean,0
/backbone/blocks.0/blocks.0.0/se/conv_reduce/Conv,0
/backbone/blocks.0/blocks.0.0/se/act1/Sigmoid,0
/backbone/blocks.0/blocks.0.0/se/act1/Mul,0
/backbone/blocks.0/blocks.0.0/se/conv_expand/Conv,0
/backbone/blocks.0/blocks.0.0/se/gate/Sigmoid,0
/backbone/blocks.0/blocks.0.0/se/Mul,0
/backbone/blocks.0/blocks.0.0/conv_pw/Conv,0
/backbone/blocks.0/blocks.0.1/conv_dw/Conv,0
/backbone/blocks.0/blocks.0.1/bn1/act/Sigmoid,0
/backbone/blocks.0/blocks.0.1/bn1/act/Mul,0
/backbone/blocks.0/blocks.0.1/se/ReduceMean,0
/backbone/blocks.0/blocks.0.1/se/conv_reduce/Conv,0
/backbone/blocks.0/blocks.0.1/se/act1/Sigmoid,0
/backbone/blocks.0/blocks.0.1/se/act1/Mul,0
/backbone/blocks.0/blocks.0.1/se/conv_expand/Conv,0
/backbone/blocks.0/blocks.0.1/se/gate/Sigmoid,0
/backbone/blocks.0/blocks.0.1/se/Mul,0
/backbone/blocks.0/blocks.0.1/conv_pw/Conv,0
/backbone/blocks.0/blocks.0.1/Add,0
/backbone/blocks.1/blocks.1.0/conv_pw/Conv,1
/backbone/blocks.1/blocks.1.0/bn1/act/Sigmoid,1
/backbone/blocks.1/blocks.1.0/bn1/act/Mul,1
/backbone/blocks.1/blocks.1.0/conv_dw/Conv,1
/backbone/blocks.1/blocks.1.0/bn2/act/Sigmoid,1
/backbone/blocks.1/blocks.1.0/bn2/act/Mul,2
/backbone/blocks.1/blocks.1.0/se/ReduceMean,2
/backbone/blocks.1/blocks.1.0/se/conv_reduce/Conv,2
/backbone/blocks.1/blocks.1.0/se/act1/Sigmoid,2
/backbone/blocks.1/blocks.1.0/se/act1/Mul,2
/backbone/blocks.1/blocks.1.0/se/conv_expand/Conv,2
/backbone/blocks.1/blocks.1.0/se/gate/Sigmoid,2
/backbone/blocks.1/blocks.1.0/se/Mul,2
/backbone/blocks.1/blocks.1.0/conv_pwl/Conv,2
/backbone/blocks.1/blocks.1.1/conv_pw/Conv,2
/backbone/blocks.1/blocks.1.1/bn1/act/Sigmoid,2
/backbone/blocks.1/blocks.1.1/bn1/act/Mul,2
/backbone/blocks.1/blocks.1.1/conv_dw/Conv,2
/backbone/blocks.1/blocks.1.1/bn2/act/Sigmoid,2
/backbone/blocks.1/blocks.1.1/bn2/act/Mul,2
/backbone/blocks.1/blocks.1.1/se/ReduceMean,2
/backbone/blocks.1/blocks.1.1/se/conv_reduce/Conv,2
/backbone/blocks.1/blocks.1.1/se/act1/Sigmoid,2
/backbone/blocks.1/blocks.1.1/se/act1/Mul,2
/backbone/blocks.1/blocks.1.1/se/conv_expand/Conv,2
/backbone/blocks.1/blocks.1.1/se/gate/Sigmoid,2
/backbone/blocks.1/blocks.1.1/se/Mul,2
/backbone/blocks.1/blocks.1.1/conv_pwl/Conv,2
/backbone/blocks.1/blocks.1.1/Add,2
/backbone/blocks.1/blocks.1.2/conv_pw/Conv,3
/backbone/blocks.1/blocks.1.2/bn1/act/Sigmoid,3
/backbone/blocks.1/blocks.1.2/bn1/act/Mul,3
/backbone/blocks.1/blocks.1.2/conv_dw/Conv,3
/backbone/blocks.1/blocks.1.2/bn2/act/Sigmoid,3
/backbone/blocks.1/blocks.1.2/bn2/act/Mul,3
/backbone/blocks.1/blocks.1.2/se/ReduceMean,3
/backbone/blocks.1/blocks.1.2/se/conv_reduce/Conv,3
/backbone/blocks.1/blocks.1.2/se/act1/Sigmoid,3
/backbone/blocks.1/blocks.1.2/se/act1/Mul,3
/backbone/blocks.1/blocks.1.2/se/conv_expand/Conv,3
/backbone/blocks.1/blocks.1.2/se/gate/Sigmoid,3
/backbone/blocks.1/blocks.1.2/se/Mul,3
/backbone/blocks.1/blocks.1.2/conv_pwl/Conv,3
/backbone/blocks.1/blocks.1.2/Add,3
/backbone/blocks.2/blocks.2.0/conv_pw/Conv,4
/backbone/blocks.2/blocks.2.0/bn1/act/Sigmoid,4
/backbone/blocks.2/blocks.2.0/bn1/act/Mul,4
/backbone/blocks.2/blocks.2.0/conv_dw/Conv,4
/backbone/blocks.2/blocks.2.0/bn2/act/Sigmoid,4
/backbone/blocks.2/blocks.2.0/bn2/act/Mul,4
/backbone/blocks.2/blocks.2.0/se/ReduceMean,4
/backbone/blocks.2/blocks.2.0/se/conv_reduce/Conv,4
/backbone/blocks.2/blocks.2.0/se/act1/Sigmoid,4
/backbone/blocks.2/blocks.2.0/se/act1/Mul,4
/backbone/blocks.2/blocks.2.0/se/conv_expand/Conv,4
/backbone/blocks.2/blocks.2.0/se/gate/Sigmoid,4
/backbone/blocks.2/blocks.2.0/se/Mul,4
/backbone/blocks.2/blocks.2.0/conv_pwl/Conv,4
/backbone/blocks.2/blocks.2.1/conv_pw/Conv,4
/backbone/blocks.2/blocks.2.1/bn1/act/Sigmoid,4
/backbone/blocks.2/blocks.2.1/bn1/act/Mul,4
/backbone/blocks.2/blocks.2.1/conv_dw/Conv,4
/backbone/blocks.2/blocks.2.1/bn2/act/Sigmoid,4
/backbone/blocks.2/blocks.2.1/bn2/act/Mul,4
/backbone/blocks.2/blocks.2.1/se/ReduceMean,4
/backbone/blocks.2/blocks.2.1/se/conv_reduce/Conv,4
/backbone/blocks.2/blocks.2.1/se/act1/Sigmoid,4
/backbone/blocks.2/blocks.2.1/se/act1/Mul,4
/backbone/blocks.2/blocks.2.1/se/conv_expand/Conv,4
/backbone/blocks.2/blocks.2.1/se/gate/Sigmoid,4
/backbone/blocks.2/blocks.2.1/se/Mul,4
/backbone/blocks.2/blocks.2.1/conv_pwl/Conv,4
/backbone/blocks.2/blocks.2.1/Add,4
/backbone/blocks.2/blocks.2.2/conv_pw/Conv,5
/backbone/blocks.2/blocks.2.2/bn1/act/Sigmoid,5
/backbone/blocks.2/blocks.2.2/bn1/act/Mul,5
/backbone/blocks.2/blocks.2.2/conv_dw/Conv,5
/backbone/blocks.2/blocks.2.2/bn2/act/Sigmoid,5
/backbone/blocks.2/blocks.2.2/bn2/act/Mul,5
/backbone/blocks.2/blocks.2.2/se/ReduceMean,5
/backbone/blocks.2/blocks.2.2/se/conv_reduce/Conv,5
/backbone/blocks.2/blocks.2.2/se/act1/Sigmoid,5
/backbone/blocks.2/blocks.2.2/se/act1/Mul,5
/backbone/blocks.2/blocks.2.2/se/conv_expand/Conv,5
/backbone/blocks.2/blocks.2.2/se/gate/Sigmoid,5
/backbone/blocks.2/blocks.2.2/se/Mul,5
/backbone/blocks.2/blocks.2.2/conv_pwl/Conv,5
/backbone/blocks.2/blocks.2.2/Add,5
/backbone/blocks.3/blocks.3.0/conv_pw/Conv,5
/backbone/blocks.3/blocks.3.0/bn1/act/Sigmoid,5
/backbone/blocks.3/blocks.3.0/bn1/act/Mul,5
/backbone/blocks.3/blocks.3.0/conv_dw/Conv,5
/backbone/blocks.3/blocks.3.0/bn2/act/Sigmoid,5
/backbone/blocks.3/blocks.3.0/bn2/act/Mul,5
/backbone/blocks.3/blocks.3.0/se/ReduceMean,5
/backbone/blocks.3/blocks.3.0/se/conv_reduce/Conv,5
/backbone/blocks.3/blocks.3.0/se/act1/Sigmoid,5
/backbone/blocks.3/blocks.3.0/se/act1/Mul,5
/backbone/blocks.3/blocks.3.0/se/conv_expand/Conv,5
/backbone/blocks.3/blocks.3.0/se/gate/Sigmoid,5
/backbone/blocks.3/blocks.3.0/se/Mul,5
/backbone/blocks.3/blocks.3.0/conv_pwl/Conv,5
/backbone/blocks.3/blocks.3.1/conv_pw/Conv,5
/backbone/blocks.3/blocks.3.1/bn1/act/Sigmoid,5
/backbone/blocks.3/blocks.3.1/bn1/act/Mul,5
/backbone/blocks.3/blocks.3.1/conv_dw/Conv,5
/backbone/blocks.3/blocks.3.1/bn2/act/Sigmoid,5
/backbone/blocks.3/blocks.3.1/bn2/act/Mul,5
/backbone/blocks.3/blocks.3.1/se/ReduceMean,5
/backbone/blocks.3/blocks.3.1/se/conv_reduce/Conv,5
/backbone/blocks.3/blocks.3.1/se/act1/Sigmoid,5
/backbone/blocks.3/blocks.3.1/se/act1/Mul,5
/backbone/blocks.3/blocks.3.1/se/conv_expand/Conv,5
/backbone/blocks.3/blocks.3.1/se/gate/Sigmoid,5
/backbone/blocks.3/blocks.3.1/se/Mul,5
/backbone/blocks.3/blocks.3.1/conv_pwl/Conv,5
/backbone/blocks.3/blocks.3.1/Add,5
/backbone/blocks.3/blocks.3.2/conv_pw/Conv,5
/backbone/blocks.3/blocks.3.2/bn1/act/Sigmoid,5
/backbone/blocks.3/blocks.3.2/bn1/act/Mul,5
/backbone/blocks.3/blocks.3.2/conv_dw/Conv,5
/backbone/blocks.3/blocks.3.2/bn2/act/Sigmoid,5
/backbone/blocks.3/blocks.3.2/bn2/act/Mul,5
/backbone/blocks.3/blocks.3.2/se/ReduceMean,5
/backbone/blocks.3/blocks.3.2/se/conv_reduce/Conv,5
/backbone/blocks.3/blocks.3.2/se/act1/Sigmoid,5
/backbone/blocks.3/blocks.3.2/se/act1/Mul,5
/backbone/blocks.3/blocks.3.2/se/conv_expand/Conv,5
/backbone/blocks.3/blocks.3.2/se/gate/Sigmoid,5
/backbone/blocks.3/blocks.3.2/se/Mul,5
/backbone/blocks.3/blocks.3.2/conv_pwl/Conv,5
/backbone/blocks.3/blocks.3.2/Add,5
/backbone/blocks.3/blocks.3.3/conv_pw/Conv,5
/backbone/blocks.3/blocks.3.3/bn1/act/Sigmoid,5
/backbone/blocks.3/blocks.3.3/bn1/act/Mul,5
/backbone/blocks.3/blocks.3.3/conv_dw/Conv,5
/backbone/blocks.3/blocks.3.3/bn2/act/Sigmoid,5
/backbone/blocks.3/blocks.3.3/bn2/act/Mul,5
/backbone/blocks.3/blocks.3.3/se/ReduceMean,5
/backbone/blocks.3/blocks.3.3/se/conv_reduce/Conv,5
/backbone/blocks.3/blocks.3.3/se/act1/Sigmoid,5
/backbone/blocks.3/blocks.3.3/se/act1/Mul,5
/backbone/blocks.3/blocks.3.3/se/conv_expand/Conv,5
/backbone/blocks.3/blocks.3.3/se/gate/Sigmoid,5
/backbone/blocks.3/blocks.3.3/se/Mul,5
/backbone/blocks.3/blocks.3.3/conv_pwl/Conv,5
/backbone/blocks.3/blocks.3.3/Add,5
/backbone/blocks.4/blocks.4.0/conv_pw/Conv,6
/backbone/blocks.4/blocks.4.0/bn1/act/Sigmoid,6
/backbone/blocks.4/blocks.4.0/bn1/act/Mul,6
/backbone/blocks.4/blocks.4.0/conv_dw/Conv,6
/backbone/blocks.4/blocks.4.0/bn2/act/Sigmoid,6
/backbone/blocks.4/blocks.4.0/bn2/act/Mul,6
/backbone/blocks.4/blocks.4.0/se/ReduceMean,6
/backbone/blocks.4/blocks.4.0/se/conv_reduce/Conv,6
/backbone/blocks.4/blocks.4.0/se/act1/Sigmoid,6
/backbone/blocks.4/blocks.4.0/se/act1/Mul,6
/backbone/blocks.4/blocks.4.0/se/conv_expand/Conv,6
/backbone/blocks.4/blocks.4.0/se/gate/Sigmoid,6
/backbone/blocks.4/blocks.4.0/se/Mul,6
/backbone/blocks.4/blocks.4.0/conv_pwl/Conv,6
/backbone/blocks.4/blocks.4.1/conv_pw/Conv,6
/backbone/blocks.4/blocks.4.1/bn1/act/Sigmoid,6
/backbone/blocks.4/blocks.4.1/bn1/act/Mul,6
/backbone/blocks.4/blocks.4.1/conv_dw/Conv,6
/backbone/blocks.4/blocks.4.1/bn2/act/Sigmoid,6
/backbone/blocks.4/blocks.4.1/bn2/act/Mul,6
/backbone/blocks.4/blocks.4.1/se/ReduceMean,6
/backbone/blocks.4/blocks.4.1/se/conv_reduce/Conv,6
/backbone/blocks.4/blocks.4.1/se/act1/Sigmoid,6
/backbone/blocks.4/blocks.4.1/se/act1/Mul,6
/backbone/blocks.4/blocks.4.1/se/conv_expand/Conv,6
/backbone/blocks.4/blocks.4.1/se/gate/Sigmoid,6
/backbone/blocks.4/blocks.4.1/se/Mul,6
/backbone/blocks.4/blocks.4.1/conv_pwl/Conv,6
/backbone/blocks.4/blocks.4.1/Add,6
/backbone/blocks.4/blocks.4.2/conv_pw/Conv,6
/backbone/blocks.4/blocks.4.2/bn1/act/Sigmoid,6
/backbone/blocks.4/blocks.4.2/bn1/act/Mul,6
/backbone/blocks.4/blocks.4.2/conv_dw/Conv,6
/backbone/blocks.4/blocks.4.2/bn2/act/Sigmoid,6
/backbone/blocks.4/blocks.4.2/bn2/act/Mul,6
/backbone/blocks.4/blocks.4.2/se/ReduceMean,6
/backbone/blocks.4/blocks.4.2/se/conv_reduce/Conv,6
/backbone/blocks.4/blocks.4.2/se/act1/Sigmoid,6
/backbone/blocks.4/blocks.4.2/se/act1/Mul,6
/backbone/blocks.4/blocks.4.2/se/conv_expand/Conv,6
/backbone/blocks.4/blocks.4.2/se/gate/Sigmoid,6
/backbone/blocks.4/blocks.4.2/se/Mul,6
/backbone/blocks.4/blocks.4.2/conv_pwl/Conv,6
/backbone/blocks.4/blocks.4.2/Add,6
/backbone/blocks.4/blocks.4.3/conv_pw/Conv,6
/backbone/blocks.4/blocks.4.3/bn1/act/Sigmoid,6
/backbone/blocks.4/blocks.4.3/bn1/act/Mul,6
/backbone/blocks.4/blocks.4.3/conv_dw/Conv,6
/backbone/blocks.4/blocks.4.3/bn2/act/Sigmoid,6
/backbone/blocks.4/blocks.4.3/bn2/act/Mul,6
/backbone/blocks.4/blocks.4.3/se/ReduceMean,6
/backbone/blocks.4/blocks.4.3/se/conv_reduce/Conv,6
/backbone/blocks.4/blocks.4.3/se/act1/Sigmoid,6
/backbone/blocks.4/blocks.4.3/se/act1/Mul,6
/backbone/blocks.4/blocks.4.3/se/conv_expand/Conv,6
/backbone/blocks.4/blocks.4.3/se/gate/Sigmoid,6
/backbone/blocks.4/blocks.4.3/se/Mul,6
/backbone/blocks.4/blocks.4.3/conv_pwl/Conv,6
/backbone/blocks.4/blocks.4.3/Add,6
/backbone/blocks.5/blocks.5.0/conv_pw/Conv,6
/backbone/blocks.5/blocks.5.0/bn1/act/Sigmoid,6
/backbone/blocks.5/blocks.5.0/bn1/act/Mul,6
/backbone/blocks.5/blocks.5.0/conv_dw/Conv,6
/backbone/blocks.5/blocks.5.0/bn2/act/Sigmoid,6
/backbone/blocks.5/blocks.5.0/bn2/act/Mul,6
/backbone/blocks.5/blocks.5.0/se/ReduceMean,6
/backbone/blocks.5/blocks.5.0/se/conv_reduce/Conv,6
/backbone/blocks.5/blocks.5.0/se/act1/Sigmoid,6
/backbone/blocks.5/blocks.5.0/se/act1/Mul,6
/backbone/blocks.5/blocks.5.0/se/conv_expand/Conv,6
/backbone/blocks.5/blocks.5.0/se/gate/Sigmoid,6
/backbone/blocks.5/blocks.5.0/se/Mul,6
/backbone/blocks.5/blocks.5.0/conv_pwl/Conv,6
/backbone/blocks.5/blocks.5.1/conv_pw/Conv,6
/backbone/blocks.5/blocks.5.1/bn1/act/Sigmoid,6
/backbone/blocks.5/blocks.5.1/bn1/act/Mul,6
/backbone/blocks.5/blocks.5.1/conv_dw/Conv,6
/backbone/blocks.5/blocks.5.1/bn2/act/Sigmoid,6
/backbone/blocks.5/blocks.5.1/bn2/act/Mul,6
/backbone/blocks.5/blocks.5.1/se/ReduceMean,6
/backbone/blocks.5/blocks.5.1/se/conv_reduce/Conv,6
/backbone/blocks.5/blocks.5.1/se/act1/Sigmoid,6
/backbone/blocks.5/blocks.5.1/se/act1/Mul,6
/backbone/blocks.5/blocks.5.1/se/conv_expand/Conv,6
/backbone/blocks.5/blocks.5.1/se/gate/Sigmoid,6
/backbone/blocks.5/blocks.5.1/se/Mul,6
/backbone/blocks.5/blocks.5.1/conv_pwl/Conv,6
/backbone/blocks.5/blocks.5.1/Add,6
/backbone/blocks.5/blocks.5.2/conv_pw/Conv,6
/backbone/blocks.5/blocks.5.2/bn1/act/Sigmoid,6
/backbone/blocks.5/blocks.5.2/bn1/act/Mul,6
/backbone/blocks.5/blocks.5.2/conv_dw/Conv,6
/backbone/blocks.5/blocks.5.2/bn2/act/Sigmoid,6
/backbone/blocks.5/blocks.5.2/bn2/act/Mul,6
/backbone/blocks.5/blocks.5.2/se/ReduceMean,6
/backbone/blocks.5/blocks.5.2/se/conv_reduce/Conv,6
/backbone/blocks.5/blocks.5.2/se/act1/Sigmoid,6
/backbone/blocks.5/blocks.5.2/se/act1/Mul,6
/backbone/blocks.5/blocks.5.2/se/conv_expand/Conv,6
/backbone/blocks.5/blocks.5.2/se/gate/Sigmoid,6
/backbone/blocks.5/blocks.5.2/se/Mul,6
/backbone/blocks.5/blocks.5.2/conv_pwl/Conv,6
/backbone/blocks.5/blocks.5.2/Add,6
/backbone/blocks.5/blocks.5.3/conv_pw/Conv,7
/backbone/blocks.5/blocks.5.3/bn1/act/Sigmoid,7
/backbone/blocks.5/blocks.5.3/bn1/act/Mul,7
/backbone/blocks.5/blocks.5.3/conv_dw/Conv,7
/backbone/blocks.5/blocks.5.3/bn2/act/Sigmoid,7
/backbone/blocks.5/blocks.5.3/bn2/act/Mul,7
/backbone/blocks.5/blocks.5.3/se/ReduceMean,7
/backbone/blocks.5/blocks.5.3/se/conv_reduce/Conv,7
/backbone/blocks.5/blocks.5.3/se/act1/Sigmoid,7
/backbone/blocks.5/blocks.5.3/se/act1/Mul,7
/backbone/blocks.5/blocks.5.3/se/conv_expand/Conv,7
/backbone/blocks.5/blocks.5.3/se/gate/Sigmoid,7
/backbone/blocks.5/blocks.5.3/se/Mul,7
/backbone/blocks.5/blocks.5.3/conv_pwl/Conv,7
/backbone/blocks.5/blocks.5.3/Add,7
/backbone/blocks.5/blocks.5.4/conv_pw/Conv,7
/backbone/blocks.5/blocks.5.4/bn1/act/Sigmoid,7
/backbone/blocks.5/blocks.5.4/bn1/act/Mul,7
/backbone/blocks.5/blocks.5.4/conv_dw/Conv,7
/backbone/blocks.5/blocks.5.4/bn2/act/Sigmoid,7
/backbone/blocks.5/blocks.5.4/bn2/act/Mul,7
/backbone/blocks.5/blocks.5.4/se/ReduceMean,7
/backbone/blocks.5/blocks.5.4/se/conv_reduce/Conv,7
/backbone/blocks.5/blocks.5.4/se/act1/Sigmoid,7
/backbone/blocks.5/blocks.5.4/se/act1/Mul,7
/backbone/blocks.5/blocks.5.4/se/conv_expand/Conv,7
/backbone/blocks.5/blocks.5.4/se/gate/Sigmoid,7
/backbone/blocks.5/blocks.5.4/se/Mul,7
/backbone/blocks.5/blocks.5.4/conv_pwl/Conv,7
/backbone/blocks.5/blocks.5.4/Add,7
/backbone/blocks.6/blocks.6.0/conv_pw/Conv,7
/backbone/blocks.6/blocks.6.0/bn1/act/Sigmoid,7
/backbone/blocks.6/blocks.6.0/bn1/act/Mul,7
/backbone/blocks.6/blocks.6.0/conv_dw/Conv,7
/backbone/blocks.6/blocks.6.0/bn2/act/Sigmoid,7
/backbone/blocks.6/blocks.6.0/bn2/act/Mul,7
/backbone/blocks.6/blocks.6.0/se/ReduceMean,7
/backbone/blocks.6/blocks.6.0/se/conv_reduce/Conv,7
/backbone/blocks.6/blocks.6.0/se/act1/Sigmoid,7
/backbone/blocks.6/blocks.6.0/se/act1/Mul,7
/backbone/blocks.6/blocks.6.0/se/conv_expand/Conv,7
/backbone/blocks.6/blocks.6.0/se/gate/Sigmoid,7
/backbone/blocks.6/blocks.6.0/se/Mul,7
/backbone/blocks.6/blocks.6.0/conv_pwl/Conv,7
/backbone/blocks.6/blocks.6.1/conv_pw/Conv,7
/backbone/blocks.6/blocks.6.1/bn1/act/Sigmoid,7
/backbone/blocks.6/blocks.6.1/bn1/act/Mul,7
/backbone/blocks.6/blocks.6.1/conv_dw/Conv,7
/backbone/blocks.6/blocks.6.1/bn2/act/Sigmoid,7
/backbone/blocks.6/blocks.6.1/bn2/act/Mul,7
/backbone/blocks.6/blocks.6.1/se/ReduceMean,7
/backbone/blocks.6/blocks.6.1/se/conv_reduce/Conv,7
/backbone/blocks.6/blocks.6.1/se/act1/Sigmoid,7
/backbone/blocks.6/blocks.6.1/se/act1/Mul,7
/backbone/blocks.6/blocks.6.1/se/conv_expand/Conv,7
/backbone/blocks.6/blocks.6.1/se/gate/Sigmoid,7
/backbone/blocks.6/blocks.6.1/se/Mul,7
/backbone/blocks.6/blocks.6.1/conv_pwl/Conv,7
/backbone/blocks.6/blocks.6.1/Add,7
/fpn/resample.3/conv/conv/Conv,7
/fpn/resample.3/downsample/Pad,7
/fpn/resample.3/downsample/MaxPool,7
/fpn/resample.4/downsample/Pad,7
/fpn/resample.4/downsample/MaxPool,7
/fpn/cell/cell.0/fnode.0/combine/resample.4/upsample/Shape,7
/fpn/cell/cell.0/fnode.0/combine/resample.4/upsample/Slice,7
/fpn/cell/cell.0/fnode.0/combine/resample.4/upsample/Concat,7
/fpn/cell/cell.0/fnode.0/combine/resample.4/upsample/Resize,7
/fpn/cell/cell.0/fnode.0/combine/Mul,7
/fpn/cell/cell.0/fnode.0/combine/Div,7
/fpn/cell/cell.0/fnode.0/combine/Mul_1,7
/fpn/cell/cell.0/fnode.0/combine/Div_1,7
/fpn/cell/cell.0/fnode.0/combine/Unsqueeze,7
/fpn/cell/cell.0/fnode.0/combine/Unsqueeze_1,7
/fpn/cell/cell.0/fnode.0/combine/Concat,7
/fpn/cell/cell.0/fnode.0/combine/ReduceSum_1,7
/fpn/cell/cell.0/fnode.0/after_combine/act/Sigmoid,7
/fpn/cell/cell.0/fnode.0/after_combine/act/Mul,7
/fpn/cell/cell.0/fnode.0/after_combine/conv/conv_dw/Conv,7
/fpn/cell/cell.0/fnode.0/after_combine/conv/conv_pw/Conv,7
/fpn/cell/cell.0/fnode.1/combine/resample.2/conv/conv/Conv,7
/fpn/cell/cell.0/fnode.1/combine/resample.5/upsample/Shape,7
/fpn/cell/cell.0/fnode.1/combine/resample.5/upsample/Slice,7
/fpn/cell/cell.0/fnode.1/combine/resample.5/upsample/Concat,7
/fpn/cell/cell.0/fnode.1/combine/resample.5/upsample/Resize,7
/fpn/cell/cell.0/fnode.1/combine/Mul,7
/fpn/cell/cell.0/fnode.1/combine/Div,7
/fpn/cell/cell.0/fnode.1/combine/Mul_1,7
/fpn/cell/cell.0/fnode.1/combine/Div_1,7
/fpn/cell/cell.0/fnode.1/combine/Unsqueeze,7
/fpn/cell/cell.0/fnode.1/combine/Unsqueeze_1,7
/fpn/cell/cell.0/fnode.1/combine/Concat,7
/fpn/cell/cell.0/fnode.1/combine/ReduceSum_1,7
/fpn/cell/cell.0/fnode.1/after_combine/act/Sigmoid,7
/fpn/cell/cell.0/fnode.1/after_combine/act/Mul,7
/fpn/cell/cell.0/fnode.1/after_combine/conv/conv_dw/Conv,7
/fpn/cell/cell.0/fnode.1/after_combine/conv/conv_pw/Conv,7
/fpn/cell/cell.0/fnode.2/combine/resample.1/conv/conv/Conv,7
/fpn/cell/cell.0/fnode.2/combine/resample.6/upsample/Shape,7
/fpn/cell/cell.0/fnode.2/combine/resample.6/upsample/Slice,7
/fpn/cell/cell.0/fnode.2/combine/resample.6/upsample/Concat,7
/fpn/cell/cell.0/fnode.2/combine/resample.6/upsample/Resize,7
/fpn/cell/cell.0/fnode.2/combine/Mul,7
/fpn/cell/cell.0/fnode.2/combine/Div,7
/fpn/cell/cell.0/fnode.2/combine/Mul_1,7
/fpn/cell/cell.0/fnode.2/combine/Div_1,7
/fpn/cell/cell.0/fnode.2/combine/Unsqueeze,7
/fpn/cell/cell.0/fnode.2/combine/Unsqueeze_1,7
/fpn/cell/cell.0/fnode.2/combine/Concat,7
/fpn/cell/cell.0/fnode.2/combine/ReduceSum_1,7
/fpn/cell/cell.0/fnode.2/after_combine/act/Sigmoid,7
/fpn/cell/cell.0/fnode.2/after_combine/act/Mul,7
/fpn/cell/cell.0/fnode.2/after_combine/conv/conv_dw/Conv,7
/fpn/cell/cell.0/fnode.2/after_combine/conv/conv_pw/Conv,7
/fpn/cell/cell.0/fnode.3/combine/resample.0/conv/conv/Conv,7
/fpn/cell/cell.0/fnode.3/combine/resample.7/upsample/Shape,7
/fpn/cell/cell.0/fnode.3/combine/resample.7/upsample/Slice,7
/fpn/cell/cell.0/fnode.3/combine/resample.7/upsample/Concat,7
/fpn/cell/cell.0/fnode.3/combine/resample.7/upsample/Resize,7
/fpn/cell/cell.0/fnode.3/combine/Mul,7
/fpn/cell/cell.0/fnode.3/combine/Div,7
/fpn/cell/cell.0/fnode.3/combine/Mul_1,7
/fpn/cell/cell.0/fnode.3/combine/Div_1,7
/fpn/cell/cell.0/fnode.3/combine/Unsqueeze,7
/fpn/cell/cell.0/fnode.3/combine/Unsqueeze_1,7
/fpn/cell/cell.0/fnode.3/combine/Concat,7
/fpn/cell/cell.0/fnode.3/combine/ReduceSum_1,7
/fpn/cell/cell.0/fnode.3/after_combine/act/Sigmoid,7
/fpn/cell/cell.0/fnode.3/after_combine/act/Mul,7
/fpn/cell/cell.0/fnode.3/after_combine/conv/conv_dw/Conv,7
/fpn/cell/cell.0/fnode.3/after_combine/conv/conv_pw/Conv,7
/fpn/cell/cell.0/fnode.4/combine/resample.1/conv/conv/Conv,7
/fpn/cell/cell.0/fnode.4/combine/resample.8/downsample/Pad,7
/fpn/cell/cell.0/fnode.4/combine/resample.8/downsample/MaxPool,7
/fpn/cell/cell.0/fnode.4/combine/Mul,7
/fpn/cell/cell.0/fnode.4/combine/Div,7
/fpn/cell/cell.0/fnode.4/combine/Mul_1,7
/fpn/cell/cell.0/fnode.4/combine/Div_1,7
/fpn/cell/cell.0/fnode.4/combine/Mul_2,7
/fpn/cell/cell.0/fnode.4/combine/Div_2,7
/fpn/cell/cell.0/fnode.4/combine/Unsqueeze,7
/fpn/cell/cell.0/fnode.4/combine/Unsqueeze_1,7
/fpn/cell/cell.0/fnode.4/combine/Unsqueeze_2,7
/fpn/cell/cell.0/fnode.4/combine/Concat,7
/fpn/cell/cell.0/fnode.4/combine/ReduceSum_1,7
/fpn/cell/cell.0/fnode.4/after_combine/act/Sigmoid,7
/fpn/cell/cell.0/fnode.4/after_combine/act/Mul,7
/fpn/cell/cell.0/fnode.4/after_combine/conv/conv_dw/Conv,7
/fpn/cell/cell.0/fnode.4/after_combine/conv/conv_pw/Conv,7
/fpn/cell/cell.0/fnode.5/combine/resample.2/conv/conv/Conv,7
/fpn/cell/cell.0/fnode.5/combine/resample.9/downsample/Pad,7
/fpn/cell/cell.0/fnode.5/combine/resample.9/downsample/MaxPool,7
/fpn/cell/cell.0/fnode.5/combine/Mul,7
/fpn/cell/cell.0/fnode.5/combine/Div,7
/fpn/cell/cell.0/fnode.5/combine/Mul_1,7
/fpn/cell/cell.0/fnode.5/combine/Div_1,7
/fpn/cell/cell.0/fnode.5/combine/Mul_2,7
/fpn/cell/cell.0/fnode.5/combine/Div_2,7
/fpn/cell/cell.0/fnode.5/combine/Unsqueeze,7
/fpn/cell/cell.0/fnode.5/combine/Unsqueeze_1,7
/fpn/cell/cell.0/fnode.5/combine/Unsqueeze_2,7
/fpn/cell/cell.0/fnode.5/combine/Concat,7
/fpn/cell/cell.0/fnode.5/combine/ReduceSum_1,7
/fpn/cell/cell.0/fnode.5/after_combine/act/Sigmoid,7
/fpn/cell/cell.0/fnode.5/after_combine/act/Mul,7
/fpn/cell/cell.0/fnode.5/after_combine/conv/conv_dw/Conv,7
/fpn/cell/cell.0/fnode.5/after_combine/conv/conv_pw/Conv,7
/fpn/cell/cell.0/fnode.6/combine/resample.10/downsample/Pad,7
/fpn/cell/cell.0/fnode.6/combine/resample.10/downsample/MaxPool,7
/fpn/cell/cell.0/fnode.6/combine/Mul,7
/fpn/cell/cell.0/fnode.6/combine/Div,7
/fpn/cell/cell.0/fnode.6/combine/Mul_1,7
/fpn/cell/cell.0/fnode.6/combine/Div_1,7
/fpn/cell/cell.0/fnode.6/combine/Mul_2,7
/fpn/cell/cell.0/fnode.6/combine/Div_2,7
/fpn/cell/cell.0/fnode.6/combine/Unsqueeze,7
/fpn/cell/cell.0/fnode.6/combine/Unsqueeze_1,7
/fpn/cell/cell.0/fnode.6/combine/Unsqueeze_2,7
/fpn/cell/cell.0/fnode.6/combine/Concat,7
/fpn/cell/cell.0/fnode.6/combine/ReduceSum_1,7
/fpn/cell/cell.0/fnode.6/after_combine/act/Sigmoid,7
/fpn/cell/cell.0/fnode.6/after_combine/act/Mul,7
/fpn/cell/cell.0/fnode.6/after_combine/conv/conv_dw/Conv,7
/fpn/cell/cell.0/fnode.6/after_combine/conv/conv_pw/Conv,7
/fpn/cell/cell.0/fnode.7/combine/resample.11/downsample/Pad,7
/fpn/cell/cell.0/fnode.7/combine/resample.11/downsample/MaxPool,7
/fpn/cell/cell.0/fnode.7/combine/Mul,7
/fpn/cell/cell.0/fnode.7/combine/Div,7
/fpn/cell/cell.0/fnode.7/combine/Mul_1,7
/fpn/cell/cell.0/fnode.7/combine/Div_1,7
/fpn/cell/cell.0/fnode.7/combine/Unsqueeze,7
/fpn/cell/cell.0/fnode.7/combine/Unsqueeze_1,7
/fpn/cell/cell.0/fnode.7/combine/Concat,7
/fpn/cell/cell.0/fnode.7/combine/ReduceSum_1,7
/fpn/cell/cell.0/fnode.7/after_combine/act/Sigmoid,7
/fpn/cell/cell.0/fnode.7/after_combine/act/Mul,7
/fpn/cell/cell.0/fnode.7/after_combine/conv/conv_dw/Conv,7
/fpn/cell/cell.0/fnode.7/after_combine/conv/conv_pw/Conv,7
/fpn/cell/cell.1/fnode.0/combine/resample.4/upsample/Shape,8
/fpn/cell/cell.1/fnode.0/combine/resample.4/upsample/Slice,8
/fpn/cell/cell.1/fnode.0/combine/resample.4/upsample/Concat,8
/fpn/cell/cell.1/fnode.0/combine/resample.4/upsample/Resize,8
/fpn/cell/cell.1/fnode.0/combine/Mul,8
/fpn/cell/cell.1/fnode.0/combine/Div,8
/fpn/cell/cell.1/fnode.0/combine/Mul_1,8
/fpn/cell/cell.1/fnode.0/combine/Div_1,8
/fpn/cell/cell.1/fnode.0/combine/Unsqueeze,8
/fpn/cell/cell.1/fnode.0/combine/Unsqueeze_1,8
/fpn/cell/cell.1/fnode.0/combine/Concat,8
/fpn/cell/cell.1/fnode.0/combine/ReduceSum_1,8
/fpn/cell/cell.1/fnode.0/after_combine/act/Sigmoid,8
/fpn/cell/cell.1/fnode.0/after_combine/act/Mul,8
/fpn/cell/cell.1/fnode.0/after_combine/conv/conv_dw/Conv,8
/fpn/cell/cell.1/fnode.0/after_combine/conv/conv_pw/Conv,8
/fpn/cell/cell.1/fnode.1/combine/resample.5/upsample/Shape,8
/fpn/cell/cell.1/fnode.1/combine/resample.5/upsample/Slice,8
/fpn/cell/cell.1/fnode.1/combine/resample.5/upsample/Concat,8
/fpn/cell/cell.1/fnode.1/combine/resample.5/upsample/Resize,8
/fpn/cell/cell.1/fnode.1/combine/Mul,8
/fpn/cell/cell.1/fnode.1/combine/Div,8
/fpn/cell/cell.1/fnode.1/combine/Mul_1,8
/fpn/cell/cell.1/fnode.1/combine/Div_1,8
/fpn/cell/cell.1/fnode.1/combine/Unsqueeze,8
/fpn/cell/cell.1/fnode.1/combine/Unsqueeze_1,8
/fpn/cell/cell.1/fnode.1/combine/Concat,8
/fpn/cell/cell.1/fnode.1/combine/ReduceSum_1,8
/fpn/cell/cell.1/fnode.1/after_combine/act/Sigmoid,8
/fpn/cell/cell.1/fnode.1/after_combine/act/Mul,8
/fpn/cell/cell.1/fnode.1/after_combine/conv/conv_dw/Conv,8
/fpn/cell/cell.1/fnode.1/after_combine/conv/conv_pw/Conv,8
/fpn/cell/cell.1/fnode.2/combine/resample.6/upsample/Shape,8
/fpn/cell/cell.1/fnode.2/combine/resample.6/upsample/Slice,8
/fpn/cell/cell.1/fnode.2/combine/resample.6/upsample/Concat,8
/fpn/cell/cell.1/fnode.2/combine/resample.6/upsample/Resize,8
/fpn/cell/cell.1/fnode.2/combine/Mul,8
/fpn/cell/cell.1/fnode.2/combine/Div,8
/fpn/cell/cell.1/fnode.2/combine/Mul_1,8
/fpn/cell/cell.1/fnode.2/combine/Div_1,8
/fpn/cell/cell.1/fnode.2/combine/Unsqueeze,8
/fpn/cell/cell.1/fnode.2/combine/Unsqueeze_1,8
/fpn/cell/cell.1/fnode.2/combine/Concat,8
/fpn/cell/cell.1/fnode.2/combine/ReduceSum_1,8
/fpn/cell/cell.1/fnode.2/after_combine/act/Sigmoid,8
/fpn/cell/cell.1/fnode.2/after_combine/act/Mul,8
/fpn/cell/cell.1/fnode.2/after_combine/conv/conv_dw/Conv,8
/fpn/cell/cell.1/fnode.2/after_combine/conv/conv_pw/Conv,8
/fpn/cell/cell.1/fnode.3/combine/resample.7/upsample/Shape,8
/fpn/cell/cell.1/fnode.3/combine/resample.7/upsample/Slice,8
/fpn/cell/cell.1/fnode.3/combine/resample.7/upsample/Concat,8
/fpn/cell/cell.1/fnode.3/combine/resample.7/upsample/Resize,8
/fpn/cell/cell.1/fnode.3/combine/Mul,8
/fpn/cell/cell.1/fnode.3/combine/Div,8
/fpn/cell/cell.1/fnode.3/combine/Mul_1,8
/fpn/cell/cell.1/fnode.3/combine/Div_1,8
/fpn/cell/cell.1/fnode.3/combine/Unsqueeze,8
/fpn/cell/cell.1/fnode.3/combine/Unsqueeze_1,8
/fpn/cell/cell.1/fnode.3/combine/Concat,8
/fpn/cell/cell.1/fnode.3/combine/ReduceSum_1,8
/fpn/cell/cell.1/fnode.3/after_combine/act/Sigmoid,8
/fpn/cell/cell.1/fnode.3/after_combine/act/Mul,8
/fpn/cell/cell.1/fnode.3/after_combine/conv/conv_dw/Conv,8
/fpn/cell/cell.1/fnode.3/after_combine/conv/conv_pw/Conv,8
/fpn/cell/cell.1/fnode.4/combine/resample.8/downsample/Pad,8
/fpn/cell/cell.1/fnode.4/combine/resample.8/downsample/MaxPool,8
/fpn/cell/cell.1/fnode.4/combine/Mul,8
/fpn/cell/cell.1/fnode.4/combine/Div,8
/fpn/cell/cell.1/fnode.4/combine/Mul_1,8
/fpn/cell/cell.1/fnode.4/combine/Div_1,8
/fpn/cell/cell.1/fnode.4/combine/Mul_2,8
/fpn/cell/cell.1/fnode.4/combine/Div_2,8
/fpn/cell/cell.1/fnode.4/combine/Unsqueeze,8
/fpn/cell/cell.1/fnode.4/combine/Unsqueeze_1,8
/fpn/cell/cell.1/fnode.4/combine/Unsqueeze_2,8
/fpn/cell/cell.1/fnode.4/combine/Concat,8
/fpn/cell/cell.1/fnode.4/combine/ReduceSum_1,8
/fpn/cell/cell.1/fnode.4/after_combine/act/Sigmoid,8
/fpn/cell/cell.1/fnode.4/after_combine/act/Mul,8
/fpn/cell/cell.1/fnode.4/after_combine/conv/conv_dw/Conv,8
/fpn/cell/cell.1/fnode.4/after_combine/conv/conv_pw/Conv,8
/fpn/cell/cell.1/fnode.5/combine/resample.9/downsample/Pad,8
/fpn/cell/cell.1/fnode.5/combine/resample.9/downsample/MaxPool,8
/fpn/cell/cell.1/fnode.5/combine/Mul,8
/fpn/cell/cell.1/fnode.5/combine/Div,8
/fpn/cell/cell.1/fnode.5/combine/Mul_1,8
/fpn/cell/cell.1/fnode.5/combine/Div_1,8
/fpn/cell/cell.1/fnode.5/combine/Mul_2,8
/fpn/cell/cell.1/fnode.5/combine/Div_2,8
/fpn/cell/cell.1/fnode.5/combine/Unsqueeze,8
/fpn/cell/cell.1/fnode.5/combine/Unsqueeze_1,8
/fpn/cell/cell.1/fnode.5/combine/Unsqueeze_2,8
/fpn/cell/cell.1/fnode.5/combine/Concat,8
/fpn/cell/cell.1/fnode.5/combine/ReduceSum_1,8
/fpn/cell/cell.1/fnode.5/after_combine/act/Sigmoid,8
/fpn/cell/cell.1/fnode.5/after_combine/act/Mul,8
/fpn/cell/cell.1/fnode.5/after_combine/conv/conv_dw/Conv,8
/fpn/cell/cell.1/fnode.5/after_combine/conv/conv_pw/Conv,8
/fpn/cell/cell.1/fnode.6/combine/resample.10/downsample/Pad,8
/fpn/cell/cell.1/fnode.6/combine/resample.10/downsample/MaxPool,8
/fpn/cell/cell.1/fnode.6/combine/Mul,8
/fpn/cell/cell.1/fnode.6/combine/Div,8
/fpn/cell/cell.1/fnode.6/combine/Mul_1,8
/fpn/cell/cell.1/fnode.6/combine/Div_1,8
/fpn/cell/cell.1/fnode.6/combine/Mul_2,8
/fpn/cell/cell.1/fnode.6/combine/Div_2,8
/fpn/cell/cell.1/fnode.6/combine/Unsqueeze,8
/fpn/cell/cell.1/fnode.6/combine/Unsqueeze_1,8
/fpn/cell/cell.1/fnode.6/combine/Unsqueeze_2,8
/fpn/cell/cell.1/fnode.6/combine/Concat,8
/fpn/cell/cell.1/fnode.6/combine/ReduceSum_1,8
/fpn/cell/cell.1/fnode.6/after_combine/act/Sigmoid,8
/fpn/cell/cell.1/fnode.6/after_combine/act/Mul,8
/fpn/cell/cell.1/fnode.6/after_combine/conv/conv_dw/Conv,8
/fpn/cell/cell.1/fnode.6/after_combine/conv/conv_pw/Conv,8
/fpn/cell/cell.1/fnode.7/combine/resample.11/downsample/Pad,8
/fpn/cell/cell.1/fnode.7/combine/resample.11/downsample/MaxPool,8
/fpn/cell/cell.1/fnode.7/combine/Mul,8
/fpn/cell/cell.1/fnode.7/combine/Div,8
/fpn/cell/cell.1/fnode.7/combine/Mul_1,8
/fpn/cell/cell.1/fnode.7/combine/Div_1,8
/fpn/cell/cell.1/fnode.7/combine/Unsqueeze,8
/fpn/cell/cell.1/fnode.7/combine/Unsqueeze_1,8
/fpn/cell/cell.1/fnode.7/combine/Concat,8
/fpn/cell/cell.1/fnode.7/combine/ReduceSum_1,8
/fpn/cell/cell.1/fnode.7/after_combine/act/Sigmoid,8
/fpn/cell/cell.1/fnode.7/after_combine/act/Mul,8
/fpn/cell/cell.1/fnode.7/after_combine/conv/conv_dw/Conv,8
/fpn/cell/cell.1/fnode.7/after_combine/conv/conv_pw/Conv,8
/fpn/cell/cell.2/fnode.0/combine/resample.4/upsample/Shape,8
/fpn/cell/cell.2/fnode.0/combine/resample.4/upsample/Slice,8
/fpn/cell/cell.2/fnode.0/combine/resample.4/upsample/Concat,8
/fpn/cell/cell.2/fnode.0/combine/resample.4/upsample/Resize,8
/fpn/cell/cell.2/fnode.0/combine/Mul,8
/fpn/cell/cell.2/fnode.0/combine/Div,8
/fpn/cell/cell.2/fnode.0/combine/Mul_1,8
/fpn/cell/cell.2/fnode.0/combine/Div_1,8
/fpn/cell/cell.2/fnode.0/combine/Unsqueeze,8
/fpn/cell/cell.2/fnode.0/combine/Unsqueeze_1,8
/fpn/cell/cell.2/fnode.0/combine/Concat,8
/fpn/cell/cell.2/fnode.0/combine/ReduceSum_1,8
/fpn/cell/cell.2/fnode.0/after_combine/act/Sigmoid,8
/fpn/cell/cell.2/fnode.0/after_combine/act/Mul,8
/fpn/cell/cell.2/fnode.0/after_combine/conv/conv_dw/Conv,8
/fpn/cell/cell.2/fnode.0/after_combine/conv/conv_pw/Conv,8
/fpn/cell/cell.2/fnode.1/combine/resample.5/upsample/Shape,8
/fpn/cell/cell.2/fnode.1/combine/resample.5/upsample/Slice,8
/fpn/cell/cell.2/fnode.1/combine/resample.5/upsample/Concat,8
/fpn/cell/cell.2/fnode.1/combine/resample.5/upsample/Resize,8
/fpn/cell/cell.2/fnode.1/combine/Mul,8
/fpn/cell/cell.2/fnode.1/combine/Div,8
/fpn/cell/cell.2/fnode.1/combine/Mul_1,8
/fpn/cell/cell.2/fnode.1/combine/Div_1,8
/fpn/cell/cell.2/fnode.1/combine/Unsqueeze,8
/fpn/cell/cell.2/fnode.1/combine/Unsqueeze_1,8
/fpn/cell/cell.2/fnode.1/combine/Concat,8
/fpn/cell/cell.2/fnode.1/combine/ReduceSum_1,8
/fpn/cell/cell.2/fnode.1/after_combine/act/Sigmoid,8
/fpn/cell/cell.2/fnode.1/after_combine/act/Mul,8
/fpn/cell/cell.2/fnode.1/after_combine/conv/conv_dw/Conv,8
/fpn/cell/cell.2/fnode.1/after_combine/conv/conv_pw/Conv,8
/fpn/cell/cell.2/fnode.2/combine/resample.6/upsample/Shape,8
/fpn/cell/cell.2/fnode.2/combine/resample.6/upsample/Slice,8
/fpn/cell/cell.2/fnode.2/combine/resample.6/upsample/Concat,8
/fpn/cell/cell.2/fnode.2/combine/resample.6/upsample/Resize,8
/fpn/cell/cell.2/fnode.2/combine/Mul,8
/fpn/cell/cell.2/fnode.2/combine/Div,8
/fpn/cell/cell.2/fnode.2/combine/Mul_1,8
/fpn/cell/cell.2/fnode.2/combine/Div_1,8
/fpn/cell/cell.2/fnode.2/combine/Unsqueeze,8
/fpn/cell/cell.2/fnode.2/combine/Unsqueeze_1,8
/fpn/cell/cell.2/fnode.2/combine/Concat,8
/fpn/cell/cell.2/fnode.2/combine/ReduceSum_1,8
/fpn/cell/cell.2/fnode.2/after_combine/act/Sigmoid,8
/fpn/cell/cell.2/fnode.2/after_combine/act/Mul,8
/fpn/cell/cell.2/fnode.2/after_combine/conv/conv_dw/Conv,8
/fpn/cell/cell.2/fnode.2/after_combine/conv/conv_pw/Conv,8
/fpn/cell/cell.2/fnode.3/combine/resample.7/upsample/Shape,8
/fpn/cell/cell.2/fnode.3/combine/resample.7/upsample/Slice,8
/fpn/cell/cell.2/fnode.3/combine/resample.7/upsample/Concat,8
/fpn/cell/cell.2/fnode.3/combine/resample.7/upsample/Resize,8
/fpn/cell/cell.2/fnode.3/combine/Mul,8
/fpn/cell/cell.2/fnode.3/combine/Div,8
/fpn/cell/cell.2/fnode.3/combine/Mul_1,8
/fpn/cell/cell.2/fnode.3/combine/Div_1,8
/fpn/cell/cell.2/fnode.3/combine/Unsqueeze,8
/fpn/cell/cell.2/fnode.3/combine/Unsqueeze_1,8
/fpn/cell/cell.2/fnode.3/combine/Concat,8
/fpn/cell/cell.2/fnode.3/combine/ReduceSum_1,8
/fpn/cell/cell.2/fnode.3/after_combine/act/Sigmoid,8
/fpn/cell/cell.2/fnode.3/after_combine/act/Mul,8
/fpn/cell/cell.2/fnode.3/after_combine/conv/conv_dw/Conv,8
/fpn/cell/cell.2/fnode.3/after_combine/conv/conv_pw/Conv,8
/fpn/cell/cell.2/fnode.4/combine/resample.8/downsample/Pad,8
/fpn/cell/cell.2/fnode.4/combine/resample.8/downsample/MaxPool,8
/fpn/cell/cell.2/fnode.4/combine/Mul,8
/fpn/cell/cell.2/fnode.4/combine/Div,8
/fpn/cell/cell.2/fnode.4/combine/Mul_1,8
/fpn/cell/cell.2/fnode.4/combine/Div_1,8
/fpn/cell/cell.2/fnode.4/combine/Mul_2,8
/fpn/cell/cell.2/fnode.4/combine/Div_2,8
/fpn/cell/cell.2/fnode.4/combine/Unsqueeze,8
/fpn/cell/cell.2/fnode.4/combine/Unsqueeze_1,8
/fpn/cell/cell.2/fnode.4/combine/Unsqueeze_2,8
/fpn/cell/cell.2/fnode.4/combine/Concat,8
/fpn/cell/cell.2/fnode.4/combine/ReduceSum_1,8
/fpn/cell/cell.2/fnode.4/after_combine/act/Sigmoid,8
/fpn/cell/cell.2/fnode.4/after_combine/act/Mul,8
/fpn/cell/cell.2/fnode.4/after_combine/conv/conv_dw/Conv,8
/fpn/cell/cell.2/fnode.4/after_combine/conv/conv_pw/Conv,8
/fpn/cell/cell.2/fnode.5/combine/resample.9/downsample/Pad,8
/fpn/cell/cell.2/fnode.5/combine/resample.9/downsample/MaxPool,8
/fpn/cell/cell.2/fnode.5/combine/Mul,8
/fpn/cell/cell.2/fnode.5/combine/Div,8
/fpn/cell/cell.2/fnode.5/combine/Mul_1,8
/fpn/cell/cell.2/fnode.5/combine/Div_1,8
/fpn/cell/cell.2/fnode.5/combine/Mul_2,8
/fpn/cell/cell.2/fnode.5/combine/Div_2,8
/fpn/cell/cell.2/fnode.5/combine/Unsqueeze,8
/fpn/cell/cell.2/fnode.5/combine/Unsqueeze_1,8
/fpn/cell/cell.2/fnode.5/combine/Unsqueeze_2,8
/fpn/cell/cell.2/fnode.5/combine/Concat,8
/fpn/cell/cell.2/fnode.5/combine/ReduceSum_1,8
/fpn/cell/cell.2/fnode.5/after_combine/act/Sigmoid,8
/fpn/cell/cell.2/fnode.5/after_combine/act/Mul,8
/fpn/cell/cell.2/fnode.5/after_combine/conv/conv_dw/Conv,8
/fpn/cell/cell.2/fnode.5/after_combine/conv/conv_pw/Conv,8
/fpn/cell/cell.2/fnode.6/combine/resample.10/downsample/Pad,8
/fpn/cell/cell.2/fnode.6/combine/resample.10/downsample/MaxPool,8
/fpn/cell/cell.2/fnode.6/combine/Mul,8
/fpn/cell/cell.2/fnode.6/combine/Div,8
/fpn/cell/cell.2/fnode.6/combine/Mul_1,8
/fpn/cell/cell.2/fnode.6/combine/Div_1,8
/fpn/cell/cell.2/fnode.6/combine/Mul_2,8
/fpn/cell/cell.2/fnode.6/combine/Div_2,8
/fpn/cell/cell.2/fnode.6/combine/Unsqueeze,8
/fpn/cell/cell.2/fnode.6/combine/Unsqueeze_1,8
/fpn/cell/cell.2/fnode.6/combine/Unsqueeze_2,8
/fpn/cell/cell.2/fnode.6/combine/Concat,8
/fpn/cell/cell.2/fnode.6/combine/ReduceSum_1,8
/fpn/cell/cell.2/fnode.6/after_combine/act/Sigmoid,8
/fpn/cell/cell.2/fnode.6/after_combine/act/Mul,8
/fpn/cell/cell.2/fnode.6/after_combine/conv/conv_dw/Conv,8
/fpn/cell/cell.2/fnode.6/after_combine/conv/conv_pw/Conv,8
/fpn/cell/cell.2/fnode.7/combine/resample.11/downsample/Pad,8
/fpn/cell/cell.2/fnode.7/combine/resample.11/downsample/MaxPool,8
/fpn/cell/cell.2/fnode.7/combine/Mul,8
/fpn/cell/cell.2/fnode.7/combine/Div,8
/fpn/cell/cell.2/fnode.7/combine/Mul_1,8
/fpn/cell/cell.2/fnode.7/combine/Div_1,8
/fpn/cell/cell.2/fnode.7/combine/Unsqueeze,8
/fpn/cell/cell.2/fnode.7/combine/Unsqueeze_1,8
/fpn/cell/cell.2/fnode.7/combine/Concat,8
/fpn/cell/cell.2/fnode.7/combine/ReduceSum_1,8
/fpn/cell/cell.2/fnode.7/after_combine/act/Sigmoid,8
/fpn/cell/cell.2/fnode.7/after_combine/act/Mul,8
/fpn/cell/cell.2/fnode.7/after_combine/conv/conv_dw/Conv,8
/fpn/cell/cell.2/fnode.7/after_combine/conv/conv_pw/Conv,8
/fpn/cell/cell.3/fnode.0/combine/resample.4/upsample/Shape,8
/fpn/cell/cell.3/fnode.0/combine/resample.4/upsample/Slice,8
/fpn/cell/cell.3/fnode.0/combine/resample.4/upsample/Concat,8
/fpn/cell/cell.3/fnode.0/combine/resample.4/upsample/Resize,8
/fpn/cell/cell.3/fnode.0/combine/Mul,8
/fpn/cell/cell.3/fnode.0/combine/Div,8
/fpn/cell/cell.3/fnode.0/combine/Mul_1,8
/fpn/cell/cell.3/fnode.0/combine/Div_1,8
/fpn/cell/cell.3/fnode.0/combine/Unsqueeze,8
/fpn/cell/cell.3/fnode.0/combine/Unsqueeze_1,8
/fpn/cell/cell.3/fnode.0/combine/Concat,8
/fpn/cell/cell.3/fnode.0/combine/ReduceSum_1,8
/fpn/cell/cell.3/fnode.0/after_combine/act/Sigmoid,8
/fpn/cell/cell.3/fnode.0/after_combine/act/Mul,8
/fpn/cell/cell.3/fnode.0/after_combine/conv/conv_dw/Conv,8
/fpn/cell/cell.3/fnode.0/after_combine/conv/conv_pw/Conv,9
/fpn/cell/cell.3/fnode.1/combine/resample.5/upsample/Shape,9
/fpn/cell/cell.3/fnode.1/combine/resample.5/upsample/Slice,9
/fpn/cell/cell.3/fnode.1/combine/resample.5/upsample/Concat,9
/fpn/cell/cell.3/fnode.1/combine/resample.5/upsample/Resize,9
/fpn/cell/cell.3/fnode.1/combine/Mul,9
/fpn/cell/cell.3/fnode.1/combine/Div,9
/fpn/cell/cell.3/fnode.1/combine/Mul_1,9
/fpn/cell/cell.3/fnode.1/combine/Div_1,9
/fpn/cell/cell.3/fnode.1/combine/Unsqueeze,9
/fpn/cell/cell.3/fnode.1/combine/Unsqueeze_1,9
/fpn/cell/cell.3/fnode.1/combine/Concat,9
/fpn/cell/cell.3/fnode.1/combine/ReduceSum_1,9
/fpn/cell/cell.3/fnode.1/after_combine/act/Sigmoid,9
/fpn/cell/cell.3/fnode.1/after_combine/act/Mul,9
/fpn/cell/cell.3/fnode.1/after_combine/conv/conv_dw/Conv,9
/fpn/cell/cell.3/fnode.1/after_combine/conv/conv_pw/Conv,9
/fpn/cell/cell.3/fnode.2/combine/resample.6/upsample/Shape,9
/fpn/cell/cell.3/fnode.2/combine/resample.6/upsample/Slice,9
/fpn/cell/cell.3/fnode.2/combine/resample.6/upsample/Concat,9
/fpn/cell/cell.3/fnode.2/combine/resample.6/upsample/Resize,9
/fpn/cell/cell.3/fnode.2/combine/Mul,9
/fpn/cell/cell.3/fnode.2/combine/Div,9
/fpn/cell/cell.3/fnode.2/combine/Mul_1,9
/fpn/cell/cell.3/fnode.2/combine/Div_1,9
/fpn/cell/cell.3/fnode.2/combine/Unsqueeze,9
/fpn/cell/cell.3/fnode.2/combine/Unsqueeze_1,9
/fpn/cell/cell.3/fnode.2/combine/Concat,9
/fpn/cell/cell.3/fnode.2/combine/ReduceSum_1,9
/fpn/cell/cell.3/fnode.2/after_combine/act/Sigmoid,9
/fpn/cell/cell.3/fnode.2/after_combine/act/Mul,9
/fpn/cell/cell.3/fnode.2/after_combine/conv/conv_dw/Conv,9
/fpn/cell/cell.3/fnode.2/after_combine/conv/conv_pw/Conv,9
/fpn/cell/cell.3/fnode.3/combine/resample.7/upsample/Shape,9
/fpn/cell/cell.3/fnode.3/combine/resample.7/upsample/Slice,9
/fpn/cell/cell.3/fnode.3/combine/resample.7/upsample/Concat,9
/fpn/cell/cell.3/fnode.3/combine/resample.7/upsample/Resize,9
/fpn/cell/cell.3/fnode.3/combine/Mul,9
/fpn/cell/cell.3/fnode.3/combine/Div,9
/fpn/cell/cell.3/fnode.3/combine/Mul_1,9
/fpn/cell/cell.3/fnode.3/combine/Div_1,9
/fpn/cell/cell.3/fnode.3/combine/Unsqueeze,9
/fpn/cell/cell.3/fnode.3/combine/Unsqueeze_1,9
/fpn/cell/cell.3/fnode.3/combine/Concat,9
/fpn/cell/cell.3/fnode.3/combine/ReduceSum_1,9
/fpn/cell/cell.3/fnode.3/after_combine/act/Sigmoid,9
/fpn/cell/cell.3/fnode.3/after_combine/act/Mul,9
/fpn/cell/cell.3/fnode.3/after_combine/conv/conv_dw/Conv,9
/fpn/cell/cell.3/fnode.3/after_combine/conv/conv_pw/Conv,9
/fpn/cell/cell.3/fnode.4/combine/resample.8/downsample/Pad,9
/fpn/cell/cell.3/fnode.4/combine/resample.8/downsample/MaxPool,9
/fpn/cell/cell.3/fnode.4/combine/Mul,9
/fpn/cell/cell.3/fnode.4/combine/Div,9
/fpn/cell/cell.3/fnode.4/combine/Mul_1,9
/fpn/cell/cell.3/fnode.4/combine/Div_1,9
/fpn/cell/cell.3/fnode.4/combine/Mul_2,9
/fpn/cell/cell.3/fnode.4/combine/Div_2,9
/fpn/cell/cell.3/fnode.4/combine/Unsqueeze,9
/fpn/cell/cell.3/fnode.4/combine/Unsqueeze_1,9
/fpn/cell/cell.3/fnode.4/combine/Unsqueeze_2,9
/fpn/cell/cell.3/fnode.4/combine/Concat,9
/fpn/cell/cell.3/fnode.4/combine/ReduceSum_1,9
/fpn/cell/cell.3/fnode.4/after_combine/act/Sigmoid,9
/fpn/cell/cell.3/fnode.4/after_combine/act/Mul,9
/fpn/cell/cell.3/fnode.4/after_combine/conv/conv_dw/Conv,9
/fpn/cell/cell.3/fnode.4/after_combine/conv/conv_pw/Conv,9
/fpn/cell/cell.3/fnode.5/combine/resample.9/downsample/Pad,9
/fpn/cell/cell.3/fnode.5/combine/resample.9/downsample/MaxPool,9
/fpn/cell/cell.3/fnode.5/combine/Mul,9
/fpn/cell/cell.3/fnode.5/combine/Div,9
/fpn/cell/cell.3/fnode.5/combine/Mul_1,9
/fpn/cell/cell.3/fnode.5/combine/Div_1,9
/fpn/cell/cell.3/fnode.5/combine/Mul_2,9
/fpn/cell/cell.3/fnode.5/combine/Div_2,9
/fpn/cell/cell.3/fnode.5/combine/Unsqueeze,9
/fpn/cell/cell.3/fnode.5/combine/Unsqueeze_1,9
/fpn/cell/cell.3/fnode.5/combine/Unsqueeze_2,9
/fpn/cell/cell.3/fnode.5/combine/Concat,9
/fpn/cell/cell.3/fnode.5/combine/ReduceSum_1,9
/fpn/cell/cell.3/fnode.5/after_combine/act/Sigmoid,9
/fpn/cell/cell.3/fnode.5/after_combine/act/Mul,9
/fpn/cell/cell.3/fnode.5/after_combine/conv/conv_dw/Conv,9
/fpn/cell/cell.3/fnode.5/after_combine/conv/conv_pw/Conv,9
/fpn/cell/cell.3/fnode.6/combine/resample.10/downsample/Pad,9
/fpn/cell/cell.3/fnode.6/combine/resample.10/downsample/MaxPool,9
/fpn/cell/cell.3/fnode.6/combine/Mul,9
/fpn/cell/cell.3/fnode.6/combine/Div,9
/fpn/cell/cell.3/fnode.6/combine/Mul_1,9
/fpn/cell/cell.3/fnode.6/combine/Div_1,9
/fpn/cell/cell.3/fnode.6/combine/Mul_2,9
/fpn/cell/cell.3/fnode.6/combine/Div_2,9
/fpn/cell/cell.3/fnode.6/combine/Unsqueeze,9
/fpn/cell/cell.3/fnode.6/combine/Unsqueeze_1,9
/fpn/cell/cell.3/fnode.6/combine/Unsqueeze_2,9
/fpn/cell/cell.3/fnode.6/combine/Concat,9
/fpn/cell/cell.3/fnode.6/combine/ReduceSum_1,9
/fpn/cell/cell.3/fnode.6/after_combine/act/Sigmoid,9
/fpn/cell/cell.3/fnode.6/after_combine/act/Mul,9
/fpn/cell/cell.3/fnode.6/after_combine/conv/conv_dw/Conv,9
/fpn/cell/cell.3/fnode.6/after_combine/conv/conv_pw/Conv,9
/fpn/cell/cell.3/fnode.7/combine/resample.11/downsample/Pad,9
/fpn/cell/cell.3/fnode.7/combine/resample.11/downsample/MaxPool,9
/fpn/cell/cell.3/fnode.7/combine/Mul,9
/fpn/cell/cell.3/fnode.7/combine/Div,9
/fpn/cell/cell.3/fnode.7/combine/Mul_1,9
/fpn/cell/cell.3/fnode.7/combine/Div_1,9
/fpn/cell/cell.3/fnode.7/combine/Unsqueeze,9
/fpn/cell/cell.3/fnode.7/combine/Unsqueeze_1,9
/fpn/cell/cell.3/fnode.7/combine/Concat,9
/fpn/cell/cell.3/fnode.7/combine/ReduceSum_1,9
/fpn/cell/cell.3/fnode.7/after_combine/act/Sigmoid,9
/fpn/cell/cell.3/fnode.7/after_combine/act/Mul,9
/fpn/cell/cell.3/fnode.7/after_combine/conv/conv_dw/Conv,9
/fpn/cell/cell.3/fnode.7/after_combine/conv/conv_pw/Conv,9
/class_net/conv_rep.0/conv_dw/Conv,9
/class_net/conv_rep.0/conv_pw/Conv,9
/class_net/act/Sigmoid,9
/class_net/act/Mul,9
/class_net/conv_rep.1/conv_dw/Conv,9
/class_net/conv_rep.1/conv_pw/Conv,9
/class_net/act_1/Sigmoid,9
/class_net/act_1/Mul,9
/class_net/conv_rep.2/conv_dw/Conv,9
/class_net/conv_rep.2/conv_pw/Conv,9
/class_net/act_2/Sigmoid,9
/class_net/act_2/Mul,9
/class_net/predict/conv_dw/Conv,9
/class_net/predict/conv_pw/Conv,9
/class_net/conv_rep.0/conv_dw_1/Conv,9
/class_net/conv_rep.0/conv_pw_1/Conv,9
/class_net/act_3/Sigmoid,9
/class_net/act_3/Mul,9
/class_net/conv_rep.1/conv_dw_1/Conv,9
/class_net/conv_rep.1/conv_pw_1/Conv,9
/class_net/act_4/Sigmoid,9
/class_net/act_4/Mul,9
/class_net/conv_rep.2/conv_dw_1/Conv,9
/class_net/conv_rep.2/conv_pw_1/Conv,9
/class_net/act_5/Sigmoid,9
/class_net/act_5/Mul,9
/class_net/predict/conv_dw_1/Conv,9
/class_net/predict/conv_pw_1/Conv,9
/class_net/conv_rep.0/conv_dw_2/Conv,9
/class_net/conv_rep.0/conv_pw_2/Conv,9
/class_net/act_6/Sigmoid,9
/class_net/act_6/Mul,9
/class_net/conv_rep.1/conv_dw_2/Conv,9
/class_net/conv_rep.1/conv_pw_2/Conv,9
/class_net/act_7/Sigmoid,9
/class_net/act_7/Mul,9
/class_net/conv_rep.2/conv_dw_2/Conv,9
/class_net/conv_rep.2/conv_pw_2/Conv,9
/class_net/act_8/Sigmoid,9
/class_net/act_8/Mul,9
/class_net/predict/conv_dw_2/Conv,9
/class_net/predict/conv_pw_2/Conv,9
/class_net/conv_rep.0/conv_dw_3/Conv,9
/class_net/conv_rep.0/conv_pw_3/Conv,9
/class_net/act_9/Sigmoid,9
/class_net/act_9/Mul,9
/class_net/conv_rep.1/conv_dw_3/Conv,9
/class_net/conv_rep.1/conv_pw_3/Conv,9
/class_net/act_10/Sigmoid,9
/class_net/act_10/Mul,9
/class_net/conv_rep.2/conv_dw_3/Conv,9
/class_net/conv_rep.2/conv_pw_3/Conv,9
/class_net/act_11/Sigmoid,9
/class_net/act_11/Mul,9
/class_net/predict/conv_dw_3/Conv,9
/class_net/predict/conv_pw_3/Conv,9
/class_net/conv_rep.0/conv_dw_4/Conv,9
/class_net/conv_rep.0/conv_pw_4/Conv,9
/class_net/act_12/Sigmoid,9
/class_net/act_12/Mul,9
/class_net/conv_rep.1/conv_dw_4/Conv,9
/class_net/conv_rep.1/conv_pw_4/Conv,9
/class_net/act_13/Sigmoid,9
/class_net/act_13/Mul,9
/class_net/conv_rep.2/conv_dw_4/Conv,9
/class_net/conv_rep.2/conv_pw_4/Conv,9
/class_net/act_14/Sigmoid,9
/class_net/act_14/Mul,9
/class_net/predict/conv_dw_4/Conv,9
/class_net/predict/conv_pw_4/Conv,9
/box_net/conv_rep.0/conv_dw/Conv,9
/box_net/conv_rep.0/conv_pw/Conv,9
/box_net/act/Sigmoid,9
/box_net/act/Mul,9
/box_net/conv_rep.1/conv_dw/Conv,9
/box_net/conv_rep.1/conv_pw/Conv,9
/box_net/act_1/Sigmoid,9
/box_net/act_1/Mul,9
/box_net/conv_rep.2/conv_dw/Conv,9
/box_net/conv_rep.2/conv_pw/Conv,9
/box_net/act_2/Sigmoid,9
/box_net/act_2/Mul,9
/box_net/predict/conv_dw/Conv,9
/box_net/predict/conv_pw/Conv,9
/box_net/conv_rep.0/conv_dw_1/Conv,9
/box_net/conv_rep.0/conv_pw_1/Conv,9
/box_net/act_3/Sigmoid,9
/box_net/act_3/Mul,9
/box_net/conv_rep.1/conv_dw_1/Conv,9
/box_net/conv_rep.1/conv_pw_1/Conv,9
/box_net/act_4/Sigmoid,9
/box_net/act_4/Mul,9
/box_net/conv_rep.2/conv_dw_1/Conv,9
/box_net/conv_rep.2/conv_pw_1/Conv,9
/box_net/act_5/Sigmoid,9
/box_net/act_5/Mul,9
/box_net/predict/conv_dw_1/Conv,9
/box_net/predict/conv_pw_1/Conv,9
/box_net/conv_rep.0/conv_dw_2/Conv,9
/box_net/conv_rep.0/conv_pw_2/Conv,9
/box_net/act_6/Sigmoid,9
/box_net/act_6/Mul,9
/box_net/conv_rep.1/conv_dw_2/Conv,9
/box_net/conv_rep.1/conv_pw_2/Conv,9
/box_net/act_7/Sigmoid,9
/box_net/act_7/Mul,9
/box_net/conv_rep.2/conv_dw_2/Conv,9
/box_net/conv_rep.2/conv_pw_2/Conv,9
/box_net/act_8/Sigmoid,9
/box_net/act_8/Mul,9
/box_net/predict/conv_dw_2/Conv,9
/box_net/predict/conv_pw_2/Conv,9
/box_net/conv_rep.0/conv_dw_3/Conv,9
/box_net/conv_rep.0/conv_pw_3/Conv,9
/box_net/act_9/Sigmoid,9
/box_net/act_9/Mul,9
/box_net/conv_rep.1/conv_dw_3/Conv,9
/box_net/conv_rep.1/conv_pw_3/Conv,9
/box_net/act_10/Sigmoid,9
/box_net/act_10/Mul,9
/box_net/conv_rep.2/conv_dw_3/Conv,9
/box_net/conv_rep.2/conv_pw_3/Conv,9
/box_net/act_11/Sigmoid,9
/box_net/act_11/Mul,9
/box_net/predict/conv_dw_3/Conv,9
/box_net/predict/conv_pw_3/Conv,9
/box_net/conv_rep.0/conv_dw_4/Conv,9
/box_net/conv_rep.0/conv_pw_4/Conv,9
/box_net/act_12/Sigmoid,9
/box_net/act_12/Mul,9
/box_net/conv_rep.1/conv_dw_4/Conv,9
/box_net/conv_rep.1/conv_pw_4/Conv,9
/box_net/act_13/Sigmoid,9
/box_net/act_13/Mul,9
/box_net/conv_rep.2/conv_dw_4/Conv,9
/box_net/conv_rep.2/conv_pw_4/Conv,9
/box_net/act_14/Sigmoid,9
/box_net/act_14/Mul,9
/box_net/predict/conv_dw_4/Conv,9
/box_net/predict/conv_pw_4/Conv,9
