Shape_0,0
Gather_2,0
Gather_4,0
Sub_6,0
Sub_7,0
Div_9,0
Cast_10,0
Sub_11,0
Div_12,0
Cast_13,0
Sub_14,0
Unsqueeze_15,0
Unsqueeze_16,0
Unsqueeze_17,0
Unsqueeze_18,0
Concat_19,0
Shape_21,0
Gather_22,0
Sub_23,0
Cast_24,0
Concat_26,0
Slice_29,0
Slice_33,0
Slice_34,0
Concat_35,0
Cast_36,0
Pad_38,0
Conv_39,0
Sigmoid_40,0
Mul_41,0
Shape_42,0
Gather_43,0
Gather_44,0
Sub_46,0
Sub_47,0
Div_48,0
Cast_49,0
Sub_50,0
Div_51,0
Cast_52,0
Sub_53,0
Unsqueeze_54,0
Unsqueeze_55,0
Unsqueeze_56,0
Unsqueeze_57,0
Concat_58,0
Shape_59,0
Gather_60,0
Sub_61,0
Cast_62,0
Concat_64,0
Slice_65,0
Slice_66,0
Slice_67,0
Concat_68,0
Cast_69,0
Pad_70,0
Conv_71,0
Sigmoid_72,0
Mul_73,0
GlobalAveragePool_74,0
Conv_75,0
Sigmoid_76,0
Mul_77,0
Conv_78,0
Sigmoid_79,0
Mul_80,0
Conv_81,0
Shape_82,0
Gather_83,0
Gather_84,0
Sub_85,0
Sub_86,0
Div_87,0
Cast_88,0
Sub_89,0
Div_90,0
Cast_91,0
Sub_92,0
Unsqueeze_93,0
Unsqueeze_94,0
Unsqueeze_95,0
Unsqueeze_96,0
Concat_97,0
Shape_98,0
Gather_99,0
Sub_100,0
Cast_101,0
Concat_103,0
Slice_104,0
Slice_105,0
Slice_106,0
Concat_107,0
Cast_108,0
Pad_109,0
Conv_110,0
Sigmoid_111,0
Mul_112,0
GlobalAveragePool_113,0
Conv_114,0
Sigmoid_115,0
Mul_116,0
Conv_117,0
Sigmoid_118,0
Mul_119,0
Conv_120,0
Add_121,0
Shape_122,0
Gather_123,0
Gather_124,0
Sub_125,0
Sub_126,0
Div_127,0
Cast_128,0
Sub_129,0
Div_130,0
Cast_131,0
Sub_132,0
Unsqueeze_133,0
Unsqueeze_134,0
Unsqueeze_135,0
Unsqueeze_136,0
Concat_137,0
Shape_138,0
Gather_139,0
Sub_140,0
Cast_141,0
Concat_143,0
Slice_144,0
Slice_145,0
Slice_146,0
Concat_147,0
Cast_148,0
Pad_149,0
Conv_150,0
Sigmoid_151,0
Mul_152,0
GlobalAveragePool_153,0
Conv_154,0
Sigmoid_155,0
Mul_156,0
Conv_157,0
Sigmoid_158,0
Mul_159,0
Conv_160,0
Add_161,0
Shape_162,1
Gather_163,1
Gather_164,1
Sub_165,1
Sub_166,1
Div_167,1
Cast_168,1
Sub_169,1
Div_170,1
Cast_171,1
Sub_172,1
Unsqueeze_173,1
Unsqueeze_174,1
Unsqueeze_175,1
Unsqueeze_176,1
Concat_177,1
Shape_178,1
Gather_179,1
Sub_180,1
Cast_181,1
Concat_183,1
Slice_184,1
Slice_185,1
Slice_186,1
Concat_187,1
Cast_188,1
Pad_189,1
Conv_190,1
Sigmoid_191,1
Mul_192,1
GlobalAveragePool_193,1
Conv_194,1
Sigmoid_195,1
Mul_196,1
Conv_197,1
Sigmoid_198,1
Mul_199,1
Conv_200,1
Add_201,1
Conv_202,1
Sigmoid_203,1
Mul_204,1
Shape_205,1
Gather_206,1
Gather_207,1
Sub_209,1
Sub_210,1
Div_211,1
Cast_212,1
Sub_213,1
Div_214,1
Cast_215,1
Sub_216,1
Unsqueeze_217,1
Unsqueeze_218,1
Unsqueeze_219,1
Unsqueeze_220,1
Concat_221,1
Shape_222,1
Gather_223,1
Sub_224,1
Cast_225,1
Concat_227,1
Slice_228,1
Slice_229,1
Slice_230,1
Concat_231,1
Cast_232,1
Pad_233,1
Conv_234,1
Sigmoid_235,1
Mul_236,1
GlobalAveragePool_237,1
Conv_238,1
Sigmoid_239,1
Mul_240,1
Conv_241,1
Sigmoid_242,1
Mul_243,1
Conv_244,1
Conv_245,2
Sigmoid_246,2
Mul_247,2
Shape_248,2
Gather_249,2
Gather_250,2
Sub_252,2
Sub_253,2
Div_254,2
Cast_255,2
Sub_256,2
Div_257,2
Cast_258,2
Sub_259,2
Unsqueeze_260,2
Unsqueeze_261,2
Unsqueeze_262,2
Unsqueeze_263,2
Concat_264,2
Shape_265,2
Gather_266,2
Sub_267,2
Cast_268,2
Concat_270,2
Slice_271,2
Slice_272,2
Slice_273,2
Concat_274,2
Cast_275,2
Pad_276,2
Conv_277,2
Sigmoid_278,2
Mul_279,2
GlobalAveragePool_280,2
Conv_281,2
Sigmoid_282,2
Mul_283,2
Conv_284,2
Sigmoid_285,2
Mul_286,2
Conv_287,2
Add_288,2
Conv_289,2
Sigmoid_290,2
Mul_291,2
Shape_292,2
Gather_293,2
Gather_294,2
Sub_295,2
Sub_296,2
Div_297,2
Cast_298,2
Sub_299,2
Div_300,2
Cast_301,2
Sub_302,2
Unsqueeze_303,2
Unsqueeze_304,2
Unsqueeze_305,2
Unsqueeze_306,2
Concat_307,2
Shape_308,2
Gather_309,2
Sub_310,2
Cast_311,2
Concat_313,2
Slice_314,2
Slice_315,2
Slice_316,2
Concat_317,2
Cast_318,2
Pad_319,2
Conv_320,2
Sigmoid_321,2
Mul_322,2
GlobalAveragePool_323,2
Conv_324,2
Sigmoid_325,2
Mul_326,2
Conv_327,2
Sigmoid_328,2
Mul_329,2
Conv_330,2
Add_331,2
Conv_332,3
Sigmoid_333,3
Mul_334,3
Shape_335,3
Gather_336,3
Gather_337,3
Sub_338,3
Sub_339,3
Div_340,3
Cast_341,3
Sub_342,3
Div_343,3
Cast_344,3
Sub_345,3
Unsqueeze_346,3
Unsqueeze_347,3
Unsqueeze_348,3
Unsqueeze_349,3
Concat_350,3
Shape_351,3
Gather_352,3
Sub_353,3
Cast_354,3
Concat_356,3
Slice_357,3
Slice_358,3
Slice_359,3
Concat_360,3
Cast_361,3
Pad_362,3
Conv_363,3
Sigmoid_364,3
Mul_365,3
GlobalAveragePool_366,3
Conv_367,3
Sigmoid_368,3
Mul_369,3
Conv_370,3
Sigmoid_371,3
Mul_372,3
Conv_373,3
Add_374,3
Conv_375,3
Sigmoid_376,3
Mul_377,3
Shape_378,3
Gather_379,3
Gather_380,3
Sub_381,3
Sub_382,3
Div_383,3
Cast_384,3
Sub_385,3
Div_386,3
Cast_387,3
Sub_388,3
Unsqueeze_389,3
Unsqueeze_390,3
Unsqueeze_391,3
Unsqueeze_392,3
Concat_393,3
Shape_394,3
Gather_395,3
Sub_396,3
Cast_397,3
Concat_399,3
Slice_400,3
Slice_401,3
Slice_402,3
Concat_403,3
Cast_404,3
Pad_405,3
Conv_406,3
Sigmoid_407,3
Mul_408,3
GlobalAveragePool_409,3
Conv_410,3
Sigmoid_411,3
Mul_412,3
Conv_413,3
Sigmoid_414,3
Mul_415,3
Conv_416,3
Add_417,3
Conv_418,3
Sigmoid_419,3
Mul_420,3
Shape_421,3
Gather_422,3
Gather_423,3
Sub_424,3
Sub_425,3
Div_426,3
Cast_427,3
Sub_428,3
Div_429,3
Cast_430,3
Sub_431,3
Unsqueeze_432,3
Unsqueeze_433,3
Unsqueeze_434,3
Unsqueeze_435,3
Concat_436,3
Shape_437,3
Gather_438,3
Sub_439,3
Cast_440,3
Concat_442,3
Slice_443,3
Slice_444,3
Slice_445,3
Concat_446,3
Cast_447,3
Pad_448,3
Conv_449,3
Sigmoid_450,3
Mul_451,3
GlobalAveragePool_452,3
Conv_453,3
Sigmoid_454,3
Mul_455,3
Conv_456,3
Sigmoid_457,3
Mul_458,3
Conv_459,3
Add_460,3
Conv_461,4
Sigmoid_462,4
Mul_463,4
Shape_464,4
Gather_465,4
Gather_466,4
Sub_467,4
Sub_468,4
Div_469,4
Cast_470,4
Sub_471,4
Div_472,4
Cast_473,4
Sub_474,4
Unsqueeze_475,4
Unsqueeze_476,4
Unsqueeze_477,4
Unsqueeze_478,4
Concat_479,4
Shape_480,4
Gather_481,4
Sub_482,4
Cast_483,4
Concat_485,4
Slice_486,4
Slice_487,4
Slice_488,4
Concat_489,4
Cast_490,4
Pad_491,4
Conv_492,4
Sigmoid_493,4
Mul_494,4
GlobalAveragePool_495,4
Conv_496,4
Sigmoid_497,4
Mul_498,4
Conv_499,4
Sigmoid_500,4
Mul_501,4
Conv_502,4
Add_503,4
Conv_504,4
Sigmoid_505,4
Mul_506,4
Shape_507,4
Gather_508,4
Gather_509,4
Sub_510,4
Sub_511,4
Div_512,4
Cast_513,4
Sub_514,4
Div_515,4
Cast_516,4
Sub_517,4
Unsqueeze_518,4
Unsqueeze_519,4
Unsqueeze_520,4
Unsqueeze_521,4
Concat_522,4
Shape_523,4
Gather_524,4
Sub_525,4
Cast_526,4
Concat_528,4
Slice_529,4
Slice_530,4
Slice_531,4
Concat_532,4
Cast_533,4
Pad_534,4
Conv_535,4
Sigmoid_536,4
Mul_537,4
GlobalAveragePool_538,4
Conv_539,4
Sigmoid_540,4
Mul_541,4
Conv_542,4
Sigmoid_543,4
Mul_544,4
Conv_545,4
Add_546,4
Conv_547,4
Sigmoid_548,4
Mul_549,4
Shape_550,4
Gather_551,4
Gather_552,4
Sub_554,4
Sub_555,4
Div_556,4
Cast_557,4
Sub_558,4
Div_559,4
Cast_560,4
Sub_561,4
Unsqueeze_562,4
Unsqueeze_563,4
Unsqueeze_564,4
Unsqueeze_565,4
Concat_566,4
Shape_567,4
Gather_568,4
Sub_569,4
Cast_570,4
Concat_572,4
Slice_573,4
Slice_574,4
Slice_575,4
Concat_576,4
Cast_577,4
Pad_578,4
Conv_579,4
Sigmoid_580,4
Mul_581,4
GlobalAveragePool_582,4
Conv_583,4
Sigmoid_584,4
Mul_585,4
Conv_586,4
Sigmoid_587,4
Mul_588,4
Conv_589,4
Conv_590,4
Sigmoid_591,4
Mul_592,4
Shape_593,4
Gather_594,4
Gather_595,4
Sub_597,4
Sub_598,4
Div_599,4
Cast_600,4
Sub_601,4
Div_602,4
Cast_603,4
Sub_604,4
Unsqueeze_605,4
Unsqueeze_606,4
Unsqueeze_607,4
Unsqueeze_608,4
Concat_609,4
Shape_610,4
Gather_611,4
Sub_612,4
Cast_613,4
Concat_615,4
Slice_616,4
Slice_617,4
Slice_618,4
Concat_619,4
Cast_620,4
Pad_621,4
Conv_622,4
Sigmoid_623,4
Mul_624,4
GlobalAveragePool_625,4
Conv_626,4
Sigmoid_627,4
Mul_628,4
Conv_629,4
Sigmoid_630,4
Mul_631,4
Conv_632,4
Add_633,4
Conv_634,5
Sigmoid_635,5
Mul_636,5
Shape_637,5
Gather_638,5
Gather_639,5
Sub_640,5
Sub_641,5
Div_642,5
Cast_643,5
Sub_644,5
Div_645,5
Cast_646,5
Sub_647,5
Unsqueeze_648,5
Unsqueeze_649,5
Unsqueeze_650,5
Unsqueeze_651,5
Concat_652,5
Shape_653,5
Gather_654,5
Sub_655,5
Cast_656,5
Concat_658,5
Slice_659,5
Slice_660,5
Slice_661,5
Concat_662,5
Cast_663,5
Pad_664,5
Conv_665,5
Sigmoid_666,5
Mul_667,5
GlobalAveragePool_668,5
Conv_669,5
Sigmoid_670,5
Mul_671,5
Conv_672,5
Sigmoid_673,5
Mul_674,5
Conv_675,5
Add_676,5
Conv_677,5
Sigmoid_678,5
Mul_679,5
Shape_680,5
Gather_681,5
Gather_682,5
Sub_683,5
Sub_684,5
Div_685,5
Cast_686,5
Sub_687,5
Div_688,5
Cast_689,5
Sub_690,5
Unsqueeze_691,5
Unsqueeze_692,5
Unsqueeze_693,5
Unsqueeze_694,5
Concat_695,5
Shape_696,5
Gather_697,5
Sub_698,5
Cast_699,5
Concat_701,5
Slice_702,5
Slice_703,5
Slice_704,5
Concat_705,5
Cast_706,5
Pad_707,5
Conv_708,5
Sigmoid_709,5
Mul_710,5
GlobalAveragePool_711,5
Conv_712,5
Sigmoid_713,5
Mul_714,5
Conv_715,5
Sigmoid_716,5
Mul_717,5
Conv_718,5
Add_719,5
Conv_720,5
Sigmoid_721,5
Mul_722,5
Shape_723,5
Gather_724,5
Gather_725,5
Sub_726,5
Sub_727,5
Div_728,5
Cast_729,5
Sub_730,5
Div_731,5
Cast_732,5
Sub_733,5
Unsqueeze_734,5
Unsqueeze_735,5
Unsqueeze_736,5
Unsqueeze_737,5
Concat_738,5
Shape_739,5
Gather_740,5
Sub_741,5
Cast_742,5
Concat_744,5
Slice_745,5
Slice_746,5
Slice_747,5
Concat_748,5
Cast_749,5
Pad_750,5
Conv_751,5
Sigmoid_752,5
Mul_753,5
GlobalAveragePool_754,5
Conv_755,5
Sigmoid_756,5
Mul_757,5
Conv_758,5
Sigmoid_759,5
Mul_760,5
Conv_761,5
Add_762,5
Conv_763,5
Sigmoid_764,5
Mul_765,5
Shape_766,5
Gather_767,5
Gather_768,5
Sub_769,5
Sub_770,5
Div_771,5
Cast_772,5
Sub_773,5
Div_774,5
Cast_775,5
Sub_776,5
Unsqueeze_777,5
Unsqueeze_778,5
Unsqueeze_779,5
Unsqueeze_780,5
Concat_781,5
Shape_782,5
Gather_783,5
Sub_784,5
Cast_785,5
Concat_787,5
Slice_788,5
Slice_789,5
Slice_790,5
Concat_791,5
Cast_792,5
Pad_793,5
Conv_794,5
Sigmoid_795,5
Mul_796,5
GlobalAveragePool_797,5
Conv_798,5
Sigmoid_799,5
Mul_800,5
Conv_801,5
Sigmoid_802,5
Mul_803,5
Conv_804,5
Add_805,5
Conv_806,5
Sigmoid_807,5
Mul_808,5
Shape_809,5
Gather_810,5
Gather_811,5
Sub_812,5
Sub_813,5
Div_814,5
Cast_815,5
Sub_816,5
Div_817,5
Cast_818,5
Sub_819,5
Unsqueeze_820,5
Unsqueeze_821,5
Unsqueeze_822,5
Unsqueeze_823,5
Concat_824,5
Shape_825,5
Gather_826,5
Sub_827,5
Cast_828,5
Concat_830,5
Slice_831,5
Slice_832,5
Slice_833,5
Concat_834,5
Cast_835,5
Pad_836,5
Conv_837,5
Sigmoid_838,5
Mul_839,5
GlobalAveragePool_840,5
Conv_841,5
Sigmoid_842,5
Mul_843,5
Conv_844,5
Sigmoid_845,5
Mul_846,5
Conv_847,5
Add_848,5
Conv_849,5
Sigmoid_850,5
Mul_851,5
Shape_852,5
Gather_853,5
Gather_854,5
Sub_855,5
Sub_856,5
Div_857,5
Cast_858,5
Sub_859,5
Div_860,5
Cast_861,5
Sub_862,5
Unsqueeze_863,5
Unsqueeze_864,5
Unsqueeze_865,5
Unsqueeze_866,5
Concat_867,5
Shape_868,5
Gather_869,5
Sub_870,5
Cast_871,5
Concat_873,5
Slice_874,5
Slice_875,5
Slice_876,5
Concat_877,5
Cast_878,5
Pad_879,5
Conv_880,5
Sigmoid_881,5
Mul_882,5
GlobalAveragePool_883,5
Conv_884,5
Sigmoid_885,5
Mul_886,5
Conv_887,5
Sigmoid_888,5
Mul_889,5
Conv_890,5
Add_891,5
Conv_892,5
Sigmoid_893,5
Mul_894,5
Shape_895,5
Gather_896,5
Gather_897,5
Sub_899,5
Sub_900,5
Div_901,5
Cast_902,5
Sub_903,5
Div_904,5
Cast_905,5
Sub_906,5
Unsqueeze_907,5
Unsqueeze_908,5
Unsqueeze_909,5
Unsqueeze_910,5
Concat_911,5
Shape_912,5
Gather_913,5
Sub_914,5
Cast_915,5
Concat_917,5
Slice_918,5
Slice_919,5
Slice_920,5
Concat_921,5
Cast_922,5
Pad_923,5
Conv_924,5
Sigmoid_925,5
Mul_926,5
GlobalAveragePool_927,5
Conv_928,5
Sigmoid_929,5
Mul_930,5
Conv_931,5
Sigmoid_932,5
Mul_933,5
Conv_934,5
Conv_935,5
Sigmoid_936,5
Mul_937,5
Shape_938,5
Gather_939,5
Gather_940,5
Sub_942,5
Sub_943,5
Div_944,5
Cast_945,5
Sub_946,5
Div_947,5
Cast_948,5
Sub_949,5
Unsqueeze_950,5
Unsqueeze_951,5
Unsqueeze_952,5
Unsqueeze_953,5
Concat_954,5
Shape_955,5
Gather_956,5
Sub_957,5
Cast_958,5
Concat_960,5
Slice_961,5
Slice_962,5
Slice_963,5
Concat_964,5
Cast_965,5
Pad_966,5
Conv_967,5
Sigmoid_968,5
Mul_969,5
GlobalAveragePool_970,5
Conv_971,5
Sigmoid_972,5
Mul_973,5
Conv_974,5
Sigmoid_975,5
Mul_976,5
Conv_977,5
Add_978,5
Conv_979,5
Sigmoid_980,5
Mul_981,5
Shape_982,5
Gather_983,5
Gather_984,5
Sub_985,5
Sub_986,5
Div_987,5
Cast_988,5
Sub_989,5
Div_990,5
Cast_991,5
Sub_992,5
Unsqueeze_993,5
Unsqueeze_994,5
Unsqueeze_995,5
Unsqueeze_996,5
Concat_997,5
Shape_998,5
Gather_999,5
Sub_1000,5
Cast_1001,5
Concat_1003,5
Slice_1004,5
Slice_1005,5
Slice_1006,5
Concat_1007,5
Cast_1008,5
Pad_1009,5
Conv_1010,5
Sigmoid_1011,5
Mul_1012,5
GlobalAveragePool_1013,5
Conv_1014,5
Sigmoid_1015,5
Mul_1016,5
Conv_1017,5
Sigmoid_1018,5
Mul_1019,5
Conv_1020,5
Add_1021,5
Conv_1022,6
Sigmoid_1023,6
Mul_1024,6
Shape_1025,6
Gather_1026,6
Gather_1027,6
Sub_1028,6
Sub_1029,6
Div_1030,6
Cast_1031,6
Sub_1032,6
Div_1033,6
Cast_1034,6
Sub_1035,6
Unsqueeze_1036,6
Unsqueeze_1037,6
Unsqueeze_1038,6
Unsqueeze_1039,6
Concat_1040,6
Shape_1041,6
Gather_1042,6
Sub_1043,6
Cast_1044,6
Concat_1046,6
Slice_1047,6
Slice_1048,6
Slice_1049,6
Concat_1050,6
Cast_1051,6
Pad_1052,6
Conv_1053,6
Sigmoid_1054,6
Mul_1055,6
GlobalAveragePool_1056,6
Conv_1057,6
Sigmoid_1058,6
Mul_1059,6
Conv_1060,6
Sigmoid_1061,6
Mul_1062,6
Conv_1063,6
Add_1064,6
Conv_1065,6
Sigmoid_1066,6
Mul_1067,6
Shape_1068,6
Gather_1069,6
Gather_1070,6
Sub_1071,6
Sub_1072,6
Div_1073,6
Cast_1074,6
Sub_1075,6
Div_1076,6
Cast_1077,6
Sub_1078,6
Unsqueeze_1079,6
Unsqueeze_1080,6
Unsqueeze_1081,6
Unsqueeze_1082,6
Concat_1083,6
Shape_1084,6
Gather_1085,6
Sub_1086,6
Cast_1087,6
Concat_1089,6
Slice_1090,6
Slice_1091,6
Slice_1092,6
Concat_1093,6
Cast_1094,6
Pad_1095,6
Conv_1096,6
Sigmoid_1097,6
Mul_1098,6
GlobalAveragePool_1099,6
Conv_1100,6
Sigmoid_1101,6
Mul_1102,6
Conv_1103,6
Sigmoid_1104,6
Mul_1105,6
Conv_1106,6
Add_1107,6
Conv_1108,6
Sigmoid_1109,6
Mul_1110,6
Shape_1111,6
Gather_1112,6
Gather_1113,6
Sub_1114,6
Sub_1115,6
Div_1116,6
Cast_1117,6
Sub_1118,6
Div_1119,6
Cast_1120,6
Sub_1121,6
Unsqueeze_1122,6
Unsqueeze_1123,6
Unsqueeze_1124,6
Unsqueeze_1125,6
Concat_1126,6
Shape_1127,6
Gather_1128,6
Sub_1129,6
Cast_1130,6
Concat_1132,6
Slice_1133,6
Slice_1134,6
Slice_1135,6
Concat_1136,6
Cast_1137,6
Pad_1138,6
Conv_1139,6
Sigmoid_1140,6
Mul_1141,6
GlobalAveragePool_1142,6
Conv_1143,6
Sigmoid_1144,6
Mul_1145,6
Conv_1146,6
Sigmoid_1147,6
Mul_1148,6
Conv_1149,6
Add_1150,6
Conv_1151,6
Sigmoid_1152,6
Mul_1153,6
Shape_1154,6
Gather_1155,6
Gather_1156,6
Sub_1157,6
Sub_1158,6
Div_1159,6
Cast_1160,6
Sub_1161,6
Div_1162,6
Cast_1163,6
Sub_1164,6
Unsqueeze_1165,6
Unsqueeze_1166,6
Unsqueeze_1167,6
Unsqueeze_1168,6
Concat_1169,6
Shape_1170,6
Gather_1171,6
Sub_1172,6
Cast_1173,6
Concat_1175,6
Slice_1176,6
Slice_1177,6
Slice_1178,6
Concat_1179,6
Cast_1180,6
Pad_1181,6
Conv_1182,6
Sigmoid_1183,6
Mul_1184,6
GlobalAveragePool_1185,6
Conv_1186,6
Sigmoid_1187,6
Mul_1188,6
Conv_1189,6
Sigmoid_1190,6
Mul_1191,6
Conv_1192,6
Add_1193,6
Conv_1194,6
Sigmoid_1195,6
Mul_1196,6
Shape_1197,6
Gather_1198,6
Gather_1199,6
Sub_1200,6
Sub_1201,6
Div_1202,6
Cast_1203,6
Sub_1204,6
Div_1205,6
Cast_1206,6
Sub_1207,6
Unsqueeze_1208,6
Unsqueeze_1209,6
Unsqueeze_1210,6
Unsqueeze_1211,6
Concat_1212,6
Shape_1213,6
Gather_1214,6
Sub_1215,6
Cast_1216,6
Concat_1218,6
Slice_1219,6
Slice_1220,6
Slice_1221,6
Concat_1222,6
Cast_1223,6
Pad_1224,6
Conv_1225,6
Sigmoid_1226,6
Mul_1227,6
GlobalAveragePool_1228,6
Conv_1229,6
Sigmoid_1230,6
Mul_1231,6
Conv_1232,6
Sigmoid_1233,6
Mul_1234,6
Conv_1235,6
Add_1236,6
Conv_1237,6
Sigmoid_1238,6
Mul_1239,6
Shape_1240,6
Gather_1241,6
Gather_1242,6
Sub_1243,6
Sub_1244,6
Div_1245,6
Cast_1246,6
Sub_1247,6
Div_1248,6
Cast_1249,6
Sub_1250,6
Unsqueeze_1251,6
Unsqueeze_1252,6
Unsqueeze_1253,6
Unsqueeze_1254,6
Concat_1255,6
Shape_1256,6
Gather_1257,6
Sub_1258,6
Cast_1259,6
Concat_1261,6
Slice_1262,6
Slice_1263,6
Slice_1264,6
Concat_1265,6
Cast_1266,6
Pad_1267,6
Conv_1268,6
Sigmoid_1269,6
Mul_1270,6
GlobalAveragePool_1271,6
Conv_1272,6
Sigmoid_1273,6
Mul_1274,6
Conv_1275,6
Sigmoid_1276,6
Mul_1277,6
Conv_1278,6
Add_1279,6
Conv_1280,6
Sigmoid_1281,6
Mul_1282,6
Shape_1283,6
Gather_1284,6
Gather_1285,6
Sub_1286,6
Sub_1287,6
Div_1288,6
Cast_1289,6
Sub_1290,6
Div_1291,6
Cast_1292,6
Sub_1293,6
Unsqueeze_1294,6
Unsqueeze_1295,6
Unsqueeze_1296,6
Unsqueeze_1297,6
Concat_1298,6
Shape_1299,6
Gather_1300,6
Sub_1301,6
Cast_1302,6
Concat_1304,6
Slice_1305,6
Slice_1306,6
Slice_1307,6
Concat_1308,6
Cast_1309,6
Pad_1310,6
Conv_1311,6
Sigmoid_1312,6
Mul_1313,6
GlobalAveragePool_1314,6
Conv_1315,6
Sigmoid_1316,6
Mul_1317,6
Conv_1318,6
Sigmoid_1319,6
Mul_1320,6
Conv_1321,6
Add_1322,6
Conv_1323,6
Sigmoid_1324,6
Mul_1325,6
Shape_1326,6
Gather_1327,6
Gather_1328,6
Sub_1329,6
Sub_1330,6
Div_1331,6
Cast_1332,6
Sub_1333,6
Div_1334,6
Cast_1335,6
Sub_1336,6
Unsqueeze_1337,6
Unsqueeze_1338,6
Unsqueeze_1339,6
Unsqueeze_1340,6
Concat_1341,6
Shape_1342,6
Gather_1343,6
Sub_1344,6
Cast_1345,6
Concat_1347,6
Slice_1348,6
Slice_1349,6
Slice_1350,6
Concat_1351,6
Cast_1352,6
Pad_1353,6
Conv_1354,6
Sigmoid_1355,6
Mul_1356,6
GlobalAveragePool_1357,6
Conv_1358,6
Sigmoid_1359,6
Mul_1360,6
Conv_1361,6
Sigmoid_1362,6
Mul_1363,6
Conv_1364,6
Add_1365,6
Conv_1366,7
Sigmoid_1367,7
Mul_1368,7
Shape_1369,7
Gather_1370,7
Gather_1371,7
Sub_1373,7
Sub_1374,7
Div_1375,7
Cast_1376,7
Sub_1377,7
Div_1378,7
Cast_1379,7
Sub_1380,7
Unsqueeze_1381,7
Unsqueeze_1382,7
Unsqueeze_1383,7
Unsqueeze_1384,7
Concat_1385,7
Shape_1386,7
Gather_1387,7
Sub_1388,7
Cast_1389,7
Concat_1391,7
Slice_1392,7
Slice_1393,7
Slice_1394,7
Concat_1395,7
Cast_1396,7
Pad_1397,7
Conv_1398,7
Sigmoid_1399,7
Mul_1400,7
GlobalAveragePool_1401,7
Conv_1402,7
Sigmoid_1403,7
Mul_1404,7
Conv_1405,7
Sigmoid_1406,7
Mul_1407,7
Conv_1408,7
Conv_1409,7
Sigmoid_1410,7
Mul_1411,7
Shape_1412,7
Gather_1413,7
Gather_1414,7
Sub_1415,7
Sub_1416,7
Div_1417,7
Cast_1418,7
Sub_1419,7
Div_1420,7
Cast_1421,7
Sub_1422,7
Unsqueeze_1423,7
Unsqueeze_1424,7
Unsqueeze_1425,7
Unsqueeze_1426,7
Concat_1427,7
Shape_1428,7
Gather_1429,7
Sub_1430,7
Cast_1431,7
Concat_1433,7
Slice_1434,7
Slice_1435,7
Slice_1436,7
Concat_1437,7
Cast_1438,7
Pad_1439,7
Conv_1440,7
Sigmoid_1441,7
Mul_1442,7
GlobalAveragePool_1443,7
Conv_1444,7
Sigmoid_1445,7
Mul_1446,7
Conv_1447,7
Sigmoid_1448,7
Mul_1449,7
Conv_1450,7
Add_1451,7
Conv_1452,7
Sigmoid_1453,7
Mul_1454,7
Shape_1455,7
Gather_1456,7
Gather_1457,7
Sub_1458,7
Sub_1459,7
Div_1460,7
Cast_1461,7
Sub_1462,7
Div_1463,7
Cast_1464,7
Sub_1465,7
Unsqueeze_1466,7
Unsqueeze_1467,7
Unsqueeze_1468,7
Unsqueeze_1469,7
Concat_1470,7
Shape_1471,7
Gather_1472,7
Sub_1473,7
Cast_1474,7
Concat_1476,7
Slice_1477,7
Slice_1478,7
Slice_1479,7
Concat_1480,7
Cast_1481,7
Pad_1482,7
Conv_1483,7
Sigmoid_1484,7
Mul_1485,7
GlobalAveragePool_1486,7
Conv_1487,7
Sigmoid_1488,7
Mul_1489,7
Conv_1490,7
Sigmoid_1491,7
Mul_1492,7
Conv_1493,7
Add_1494,7
Conv_1495,7
Sigmoid_1496,7
Mul_1497,7
Shape_1498,7
Gather_1499,7
Gather_1500,7
Sub_1501,7
Sub_1502,7
Div_1503,7
Cast_1504,7
Sub_1505,7
Div_1506,7
Cast_1507,7
Sub_1508,7
Unsqueeze_1509,7
Unsqueeze_1510,7
Unsqueeze_1511,7
Unsqueeze_1512,7
Concat_1513,7
Shape_1514,7
Gather_1515,7
Sub_1516,7
Cast_1517,7
Concat_1519,7
Slice_1520,7
Slice_1521,7
Slice_1522,7
Concat_1523,7
Cast_1524,7
Pad_1525,7
Conv_1526,7
Sigmoid_1527,7
Mul_1528,7
GlobalAveragePool_1529,7
Conv_1530,7
Sigmoid_1531,7
Mul_1532,7
Conv_1533,7
Sigmoid_1534,7
Mul_1535,7
Conv_1536,7
Add_1537,7
Conv_1538,7
Sigmoid_1539,7
Mul_1540,7
Shape_1541,7
Gather_1542,7
Gather_1543,7
Sub_1544,7
Sub_1545,7
Div_1546,7
Cast_1547,7
Sub_1548,7
Div_1549,7
Cast_1550,7
Sub_1551,7
Unsqueeze_1552,7
Unsqueeze_1553,7
Unsqueeze_1554,7
Unsqueeze_1555,7
Concat_1556,7
Shape_1557,7
Gather_1558,7
Sub_1559,7
Cast_1560,7
Concat_1562,7
Slice_1563,7
Slice_1564,7
Slice_1565,7
Concat_1566,7
Cast_1567,7
Pad_1568,7
Conv_1569,7
Sigmoid_1570,7
Mul_1571,7
GlobalAveragePool_1572,7
Conv_1573,7
Sigmoid_1574,7
Mul_1575,7
Conv_1576,7
Sigmoid_1577,7
Mul_1578,7
Conv_1579,7
Add_1580,7
Conv_1581,7
Sigmoid_1582,7
Mul_1583,7
Shape_1584,7
Gather_1585,7
Gather_1586,7
Sub_1587,7
Sub_1588,7
Div_1589,7
Cast_1590,7
Sub_1591,7
Div_1592,7
Cast_1593,7
Sub_1594,7
Unsqueeze_1595,7
Unsqueeze_1596,7
Unsqueeze_1597,7
Unsqueeze_1598,7
Concat_1599,7
Shape_1600,7
Gather_1601,7
Sub_1602,7
Cast_1603,7
Concat_1605,7
Slice_1606,7
Slice_1607,7
Slice_1608,7
Concat_1609,7
Cast_1610,7
Pad_1611,7
Conv_1612,7
Sigmoid_1613,7
Mul_1614,7
GlobalAveragePool_1615,7
Conv_1616,7
Sigmoid_1617,7
Mul_1618,7
Conv_1619,7
Sigmoid_1620,7
Mul_1621,7
Conv_1622,7
Add_1623,7
Conv_1624,7
Sigmoid_1625,7
Mul_1626,7
Shape_1627,7
Gather_1628,7
Gather_1629,7
Sub_1630,7
Sub_1631,7
Div_1632,7
Cast_1633,7
Sub_1634,7
Div_1635,7
Cast_1636,7
Sub_1637,7
Unsqueeze_1638,7
Unsqueeze_1639,7
Unsqueeze_1640,7
Unsqueeze_1641,7
Concat_1642,7
Shape_1643,7
Gather_1644,7
Sub_1645,7
Cast_1646,7
Concat_1648,7
Slice_1649,7
Slice_1650,7
Slice_1651,7
Concat_1652,7
Cast_1653,7
Pad_1654,7
Conv_1655,7
Sigmoid_1656,7
Mul_1657,7
GlobalAveragePool_1658,7
Conv_1659,7
Sigmoid_1660,7
Mul_1661,7
Conv_1662,7
Sigmoid_1663,7
Mul_1664,7
Conv_1665,7
Add_1666,7
Conv_1667,7
Sigmoid_1668,7
Mul_1669,7
Shape_1670,7
Gather_1671,7
Gather_1672,7
Sub_1673,7
Sub_1674,7
Div_1675,7
Cast_1676,7
Sub_1677,7
Div_1678,7
Cast_1679,7
Sub_1680,7
Unsqueeze_1681,7
Unsqueeze_1682,7
Unsqueeze_1683,7
Unsqueeze_1684,7
Concat_1685,7
Shape_1686,7
Gather_1687,7
Sub_1688,7
Cast_1689,7
Concat_1691,7
Slice_1692,7
Slice_1693,7
Slice_1694,7
Concat_1695,7
Cast_1696,7
Pad_1697,7
Conv_1698,7
Sigmoid_1699,7
Mul_1700,7
GlobalAveragePool_1701,7
Conv_1702,7
Sigmoid_1703,7
Mul_1704,7
Conv_1705,7
Sigmoid_1706,7
Mul_1707,7
Conv_1708,7
Add_1709,7
Conv_1710,8
Sigmoid_1711,8
Mul_1712,8
Shape_1713,8
Gather_1714,8
Gather_1715,8
Sub_1716,8
Sub_1717,8
Div_1718,8
Cast_1719,8
Sub_1720,8
Div_1721,8
Cast_1722,8
Sub_1723,8
Unsqueeze_1724,8
Unsqueeze_1725,8
Unsqueeze_1726,8
Unsqueeze_1727,8
Concat_1728,8
Shape_1729,8
Gather_1730,8
Sub_1731,8
Cast_1732,8
Concat_1734,8
Slice_1735,8
Slice_1736,8
Slice_1737,8
Concat_1738,8
Cast_1739,8
Pad_1740,8
Conv_1741,8
Sigmoid_1742,8
Mul_1743,8
GlobalAveragePool_1744,8
Conv_1745,8
Sigmoid_1746,8
Mul_1747,8
Conv_1748,8
Sigmoid_1749,8
Mul_1750,8
Conv_1751,8
Add_1752,8
Conv_1753,8
Sigmoid_1754,8
Mul_1755,8
Shape_1756,8
Gather_1757,8
Gather_1758,8
Sub_1759,8
Sub_1760,8
Div_1761,8
Cast_1762,8
Sub_1763,8
Div_1764,8
Cast_1765,8
Sub_1766,8
Unsqueeze_1767,8
Unsqueeze_1768,8
Unsqueeze_1769,8
Unsqueeze_1770,8
Concat_1771,8
Shape_1772,8
Gather_1773,8
Sub_1774,8
Cast_1775,8
Concat_1777,8
Slice_1778,8
Slice_1779,8
Slice_1780,8
Concat_1781,8
Cast_1782,8
Pad_1783,8
Conv_1784,8
Sigmoid_1785,8
Mul_1786,8
GlobalAveragePool_1787,8
Conv_1788,8
Sigmoid_1789,8
Mul_1790,8
Conv_1791,8
Sigmoid_1792,8
Mul_1793,8
Conv_1794,8
Add_1795,8
Conv_1796,8
Sigmoid_1797,8
Mul_1798,8
Shape_1799,8
Gather_1800,8
Gather_1801,8
Sub_1802,8
Sub_1803,8
Div_1804,8
Cast_1805,8
Sub_1806,8
Div_1807,8
Cast_1808,8
Sub_1809,8
Unsqueeze_1810,8
Unsqueeze_1811,8
Unsqueeze_1812,8
Unsqueeze_1813,8
Concat_1814,8
Shape_1815,8
Gather_1816,8
Sub_1817,8
Cast_1818,8
Concat_1820,8
Slice_1821,8
Slice_1822,8
Slice_1823,8
Concat_1824,8
Cast_1825,8
Pad_1826,8
Conv_1827,8
Sigmoid_1828,8
Mul_1829,8
GlobalAveragePool_1830,8
Conv_1831,8
Sigmoid_1832,8
Mul_1833,8
Conv_1834,8
Sigmoid_1835,8
Mul_1836,8
Conv_1837,8
Add_1838,8
Conv_1839,8
Sigmoid_1840,8
Mul_1841,8
Shape_1842,8
Gather_1843,8
Gather_1844,8
Sub_1846,8
Sub_1847,8
Div_1848,8
Cast_1849,8
Sub_1850,8
Div_1851,8
Cast_1852,8
Sub_1853,8
Unsqueeze_1854,8
Unsqueeze_1855,8
Unsqueeze_1856,8
Unsqueeze_1857,8
Concat_1858,8
Shape_1859,8
Gather_1860,8
Sub_1861,8
Cast_1862,8
Concat_1864,8
Slice_1865,8
Slice_1866,8
Slice_1867,8
Concat_1868,8
Cast_1869,8
Pad_1870,8
Conv_1871,8
Sigmoid_1872,8
Mul_1873,8
GlobalAveragePool_1874,8
Conv_1875,8
Sigmoid_1876,8
Mul_1877,8
Conv_1878,8
Sigmoid_1879,8
Mul_1880,8
Conv_1881,8
Conv_1882,8
Sigmoid_1883,8
Mul_1884,8
Shape_1885,8
Gather_1886,8
Gather_1887,8
Sub_1889,8
Sub_1890,8
Div_1891,8
Cast_1892,8
Sub_1893,8
Div_1894,8
Cast_1895,8
Sub_1896,8
Unsqueeze_1897,8
Unsqueeze_1898,8
Unsqueeze_1899,8
Unsqueeze_1900,8
Concat_1901,8
Shape_1902,8
Gather_1903,8
Sub_1904,8
Cast_1905,8
Concat_1907,8
Slice_1908,8
Slice_1909,8
Slice_1910,8
Concat_1911,8
Cast_1912,8
Pad_1913,8
Conv_1914,8
Sigmoid_1915,8
Mul_1916,8
GlobalAveragePool_1917,8
Conv_1918,8
Sigmoid_1919,8
Mul_1920,8
Conv_1921,8
Sigmoid_1922,8
Mul_1923,8
Conv_1924,8
Add_1925,8
Conv_1926,8
Sigmoid_1927,8
Mul_1928,8
Shape_1929,8
Gather_1930,8
Gather_1931,8
Sub_1932,8
Sub_1933,8
Div_1934,8
Cast_1935,8
Sub_1936,8
Div_1937,8
Cast_1938,8
Sub_1939,8
Unsqueeze_1940,8
Unsqueeze_1941,8
Unsqueeze_1942,8
Unsqueeze_1943,8
Concat_1944,8
Shape_1945,8
Gather_1946,8
Sub_1947,8
Cast_1948,8
Concat_1950,8
Slice_1951,8
Slice_1952,8
Slice_1953,8
Concat_1954,8
Cast_1955,8
Pad_1956,8
Conv_1957,8
Sigmoid_1958,8
Mul_1959,8
GlobalAveragePool_1960,8
Conv_1961,8
Sigmoid_1962,8
Mul_1963,8
Conv_1964,8
Sigmoid_1965,8
Mul_1966,8
Conv_1967,8
Add_1968,8
Conv_1969,8
Sigmoid_1970,8
Mul_1971,8
Shape_1972,8
Gather_1973,8
Gather_1974,8
Sub_1975,8
Sub_1976,8
Div_1977,8
Cast_1978,8
Sub_1979,8
Div_1980,8
Cast_1981,8
Sub_1982,8
Unsqueeze_1983,8
Unsqueeze_1984,8
Unsqueeze_1985,8
Unsqueeze_1986,8
Concat_1987,8
Shape_1988,8
Gather_1989,8
Sub_1990,8
Cast_1991,8
Concat_1993,8
Slice_1994,8
Slice_1995,8
Slice_1996,8
Concat_1997,8
Cast_1998,8
Pad_1999,8
Conv_2000,8
Sigmoid_2001,8
Mul_2002,8
GlobalAveragePool_2003,8
Conv_2004,8
Sigmoid_2005,8
Mul_2006,8
Conv_2007,8
Sigmoid_2008,8
Mul_2009,8
Conv_2010,8
Add_2011,8
Conv_2012,8
Sigmoid_2013,8
Mul_2014,8
Shape_2015,8
Gather_2016,8
Gather_2017,8
Sub_2018,8
Sub_2019,8
Div_2020,8
Cast_2021,8
Sub_2022,8
Div_2023,8
Cast_2024,8
Sub_2025,8
Unsqueeze_2026,8
Unsqueeze_2027,8
Unsqueeze_2028,8
Unsqueeze_2029,8
Concat_2030,8
Shape_2031,8
Gather_2032,8
Sub_2033,8
Cast_2034,8
Concat_2036,8
Slice_2037,8
Slice_2038,8
Slice_2039,8
Concat_2040,8
Cast_2041,8
Pad_2042,8
Conv_2043,8
Sigmoid_2044,8
Mul_2045,8
GlobalAveragePool_2046,8
Conv_2047,8
Sigmoid_2048,8
Mul_2049,8
Conv_2050,8
Sigmoid_2051,8
Mul_2052,8
Conv_2053,8
Add_2054,8
Conv_2055,8
Sigmoid_2056,8
Mul_2057,8
Shape_2058,8
Gather_2059,8
Gather_2060,8
Sub_2061,8
Sub_2062,8
Div_2063,8
Cast_2064,8
Sub_2065,8
Div_2066,8
Cast_2067,8
Sub_2068,8
Unsqueeze_2069,8
Unsqueeze_2070,8
Unsqueeze_2071,8
Unsqueeze_2072,8
Concat_2073,8
Shape_2074,8
Gather_2075,8
Sub_2076,8
Cast_2077,8
Concat_2079,8
Slice_2080,8
Slice_2081,8
Slice_2082,8
Concat_2083,8
Cast_2084,8
Pad_2085,8
Conv_2086,8
Sigmoid_2087,8
Mul_2088,8
GlobalAveragePool_2089,8
Conv_2090,8
Sigmoid_2091,8
Mul_2092,8
Conv_2093,8
Sigmoid_2094,8
Mul_2095,8
Conv_2096,8
Add_2097,8
Conv_2098,8
Sigmoid_2099,8
Mul_2100,8
Shape_2101,8
Gather_2102,8
Gather_2103,8
Sub_2104,8
Sub_2105,8
Div_2106,8
Cast_2107,8
Sub_2108,8
Div_2109,8
Cast_2110,8
Sub_2111,8
Unsqueeze_2112,8
Unsqueeze_2113,8
Unsqueeze_2114,8
Unsqueeze_2115,8
Concat_2116,8
Shape_2117,8
Gather_2118,8
Sub_2119,8
Cast_2120,8
Concat_2122,8
Slice_2123,8
Slice_2124,8
Slice_2125,8
Concat_2126,8
Cast_2127,8
Pad_2128,8
Conv_2129,8
Sigmoid_2130,8
Mul_2131,8
GlobalAveragePool_2132,8
Conv_2133,8
Sigmoid_2134,8
Mul_2135,8
Conv_2136,8
Sigmoid_2137,8
Mul_2138,8
Conv_2139,8
Add_2140,8
Conv_2141,8
Sigmoid_2142,8
Mul_2143,8
Shape_2144,8
Gather_2145,8
Gather_2146,8
Sub_2147,8
Sub_2148,8
Div_2149,8
Cast_2150,8
Sub_2151,8
Div_2152,8
Cast_2153,8
Sub_2154,8
Unsqueeze_2155,8
Unsqueeze_2156,8
Unsqueeze_2157,8
Unsqueeze_2158,8
Concat_2159,8
Shape_2160,8
Gather_2161,8
Sub_2162,8
Cast_2163,8
Concat_2165,8
Slice_2166,8
Slice_2167,8
Slice_2168,8
Concat_2169,8
Cast_2170,8
Pad_2171,8
Conv_2172,8
Sigmoid_2173,8
Mul_2174,8
GlobalAveragePool_2175,8
Conv_2176,8
Sigmoid_2177,8
Mul_2178,8
Conv_2179,8
Sigmoid_2180,8
Mul_2181,8
Conv_2182,8
Add_2183,8
Conv_2184,9
Sigmoid_2185,9
Mul_2186,9
Shape_2187,9
Gather_2188,9
Gather_2189,9
Sub_2190,9
Sub_2191,9
Div_2192,9
Cast_2193,9
Sub_2194,9
Div_2195,9
Cast_2196,9
Sub_2197,9
Unsqueeze_2198,9
Unsqueeze_2199,9
Unsqueeze_2200,9
Unsqueeze_2201,9
Concat_2202,9
Shape_2203,9
Gather_2204,9
Sub_2205,9
Cast_2206,9
Concat_2208,9
Slice_2209,9
Slice_2210,9
Slice_2211,9
Concat_2212,9
Cast_2213,9
Pad_2214,9
Conv_2215,9
Sigmoid_2216,9
Mul_2217,9
GlobalAveragePool_2218,9
Conv_2219,9
Sigmoid_2220,9
Mul_2221,9
Conv_2222,9
Sigmoid_2223,9
Mul_2224,9
Conv_2225,9
Add_2226,9
Conv_2227,9
Sigmoid_2228,9
Mul_2229,9
Shape_2230,9
Gather_2231,9
Gather_2232,9
Sub_2233,9
Sub_2234,9
Div_2235,9
Cast_2236,9
Sub_2237,9
Div_2238,9
Cast_2239,9
Sub_2240,9
Unsqueeze_2241,9
Unsqueeze_2242,9
Unsqueeze_2243,9
Unsqueeze_2244,9
Concat_2245,9
Shape_2246,9
Gather_2247,9
Sub_2248,9
Cast_2249,9
Concat_2251,9
Slice_2252,9
Slice_2253,9
Slice_2254,9
Concat_2255,9
Cast_2256,9
Pad_2257,9
Conv_2258,9
Sigmoid_2259,9
Mul_2260,9
GlobalAveragePool_2261,9
Conv_2262,9
Sigmoid_2263,9
Mul_2264,9
Conv_2265,9
Sigmoid_2266,9
Mul_2267,9
Conv_2268,9
Add_2269,9
Conv_2270,9
Sigmoid_2271,9
Mul_2272,9
Shape_2273,9
Gather_2274,9
Gather_2275,9
Sub_2276,9
Sub_2277,9
Div_2278,9
Cast_2279,9
Sub_2280,9
Div_2281,9
Cast_2282,9
Sub_2283,9
Unsqueeze_2284,9
Unsqueeze_2285,9
Unsqueeze_2286,9
Unsqueeze_2287,9
Concat_2288,9
Shape_2289,9
Gather_2290,9
Sub_2291,9
Cast_2292,9
Concat_2294,9
Slice_2295,9
Slice_2296,9
Slice_2297,9
Concat_2298,9
Cast_2299,9
Pad_2300,9
Conv_2301,9
Sigmoid_2302,9
Mul_2303,9
GlobalAveragePool_2304,9
Conv_2305,9
Sigmoid_2306,9
Mul_2307,9
Conv_2308,9
Sigmoid_2309,9
Mul_2310,9
Conv_2311,9
Add_2312,9
Conv_2313,9
Sigmoid_2314,9
Mul_2315,9
Shape_2316,9
Gather_2317,9
Gather_2318,9
Sub_2319,9
Sub_2320,9
Div_2321,9
Cast_2322,9
Sub_2323,9
Div_2324,9
Cast_2325,9
Sub_2326,9
Unsqueeze_2327,9
Unsqueeze_2328,9
Unsqueeze_2329,9
Unsqueeze_2330,9
Concat_2331,9
Shape_2332,9
Gather_2333,9
Sub_2334,9
Cast_2335,9
Concat_2337,9
Slice_2338,9
Slice_2339,9
Slice_2340,9
Concat_2341,9
Cast_2342,9
Pad_2343,9
Conv_2344,9
Sigmoid_2345,9
Mul_2346,9
GlobalAveragePool_2347,9
Conv_2348,9
Sigmoid_2349,9
Mul_2350,9
Conv_2351,9
Sigmoid_2352,9
Mul_2353,9
Conv_2354,9
Add_2355,9
Conv_2356,9
Sigmoid_2357,9
Mul_2358,9
Shape_2359,9
Gather_2360,9
Gather_2361,9
Sub_2362,9
Sub_2363,9
Div_2364,9
Cast_2365,9
Sub_2366,9
Div_2367,9
Cast_2368,9
Sub_2369,9
Unsqueeze_2370,9
Unsqueeze_2371,9
Unsqueeze_2372,9
Unsqueeze_2373,9
Concat_2374,9
Shape_2375,9
Gather_2376,9
Sub_2377,9
Cast_2378,9
Concat_2380,9
Slice_2381,9
Slice_2382,9
Slice_2383,9
Concat_2384,9
Cast_2385,9
Pad_2386,9
Conv_2387,9
Sigmoid_2388,9
Mul_2389,9
GlobalAveragePool_2390,9
Conv_2391,9
Sigmoid_2392,9
Mul_2393,9
Conv_2394,9
Sigmoid_2395,9
Mul_2396,9
Conv_2397,9
Add_2398,9
Conv_2399,9
Sigmoid_2400,9
Mul_2401,9
Shape_2402,9
Gather_2403,9
Gather_2404,9
Sub_2405,9
Sub_2406,9
Div_2407,9
Cast_2408,9
Sub_2409,9
Div_2410,9
Cast_2411,9
Sub_2412,9
Unsqueeze_2413,9
Unsqueeze_2414,9
Unsqueeze_2415,9
Unsqueeze_2416,9
Concat_2417,9
Shape_2418,9
Gather_2419,9
Sub_2420,9
Cast_2421,9
Concat_2423,9
Slice_2424,9
Slice_2425,9
Slice_2426,9
Concat_2427,9
Cast_2428,9
Pad_2429,9
Conv_2430,9
Sigmoid_2431,9
Mul_2432,9
GlobalAveragePool_2433,9
Conv_2434,9
Sigmoid_2435,9
Mul_2436,9
Conv_2437,9
Sigmoid_2438,9
Mul_2439,9
Conv_2440,9
Add_2441,9
Conv_2442,9
Sigmoid_2443,9
Mul_2444,9
Shape_2445,9
Gather_2446,9
Gather_2447,9
Sub_2448,9
Sub_2449,9
Div_2450,9
Cast_2451,9
Sub_2452,9
Div_2453,9
Cast_2454,9
Sub_2455,9
Unsqueeze_2456,9
Unsqueeze_2457,9
Unsqueeze_2458,9
Unsqueeze_2459,9
Concat_2460,9
Shape_2461,9
Gather_2462,9
Sub_2463,9
Cast_2464,9
Concat_2466,9
Slice_2467,9
Slice_2468,9
Slice_2469,9
Concat_2470,9
Cast_2471,9
Pad_2472,9
Conv_2473,9
Sigmoid_2474,9
Mul_2475,9
GlobalAveragePool_2476,9
Conv_2477,9
Sigmoid_2478,9
Mul_2479,9
Conv_2480,9
Sigmoid_2481,9
Mul_2482,9
Conv_2483,9
Add_2484,9
Conv_2485,9
Sigmoid_2486,9
Mul_2487,9
Shape_2488,9
Gather_2489,9
Gather_2490,9
Sub_2492,9
Sub_2493,9
Div_2494,9
Cast_2495,9
Sub_2496,9
Div_2497,9
Cast_2498,9
Sub_2499,9
Unsqueeze_2500,9
Unsqueeze_2501,9
Unsqueeze_2502,9
Unsqueeze_2503,9
Concat_2504,9
Shape_2505,9
Gather_2506,9
Sub_2507,9
Cast_2508,9
Concat_2510,9
Slice_2511,9
Slice_2512,9
Slice_2513,9
Concat_2514,9
Cast_2515,9
Pad_2516,9
Conv_2517,9
Sigmoid_2518,9
Mul_2519,9
GlobalAveragePool_2520,9
Conv_2521,9
Sigmoid_2522,9
Mul_2523,9
Conv_2524,9
Sigmoid_2525,9
Mul_2526,9
Conv_2527,9
Conv_2528,9
Sigmoid_2529,9
Mul_2530,9
Shape_2531,9
Gather_2532,9
Gather_2533,9
Sub_2534,9
Sub_2535,9
Div_2536,9
Cast_2537,9
Sub_2538,9
Div_2539,9
Cast_2540,9
Sub_2541,9
Unsqueeze_2542,9
Unsqueeze_2543,9
Unsqueeze_2544,9
Unsqueeze_2545,9
Concat_2546,9
Shape_2547,9
Gather_2548,9
Sub_2549,9
Cast_2550,9
Concat_2552,9
Slice_2553,9
Slice_2554,9
Slice_2555,9
Concat_2556,9
Cast_2557,9
Pad_2558,9
Conv_2559,9
Sigmoid_2560,9
Mul_2561,9
GlobalAveragePool_2562,9
Conv_2563,9
Sigmoid_2564,9
Mul_2565,9
Conv_2566,9
Sigmoid_2567,9
Mul_2568,9
Conv_2569,9
Add_2570,9
Conv_2571,9
Sigmoid_2572,9
Mul_2573,9
Shape_2574,9
Gather_2575,9
Gather_2576,9
Sub_2577,9
Sub_2578,9
Div_2579,9
Cast_2580,9
Sub_2581,9
Div_2582,9
Cast_2583,9
Sub_2584,9
Unsqueeze_2585,9
Unsqueeze_2586,9
Unsqueeze_2587,9
Unsqueeze_2588,9
Concat_2589,9
Shape_2590,9
Gather_2591,9
Sub_2592,9
Cast_2593,9
Concat_2595,9
Slice_2596,9
Slice_2597,9
Slice_2598,9
Concat_2599,9
Cast_2600,9
Pad_2601,9
Conv_2602,9
Sigmoid_2603,9
Mul_2604,9
GlobalAveragePool_2605,9
Conv_2606,9
Sigmoid_2607,9
Mul_2608,9
Conv_2609,9
Sigmoid_2610,9
Mul_2611,9
Conv_2612,9
Add_2613,9
Conv_2614,9
Sigmoid_2615,9
Mul_2616,9
Shape_2617,9
Gather_2618,9
Gather_2619,9
Sub_2620,9
Sub_2621,9
Div_2622,9
Cast_2623,9
Sub_2624,9
Div_2625,9
Cast_2626,9
Sub_2627,9
Unsqueeze_2628,9
Unsqueeze_2629,9
Unsqueeze_2630,9
Unsqueeze_2631,9
Concat_2632,9
Shape_2633,9
Gather_2634,9
Sub_2635,9
Cast_2636,9
Concat_2638,9
Slice_2639,9
Slice_2640,9
Slice_2641,9
Concat_2642,9
Cast_2643,9
Pad_2644,9
Conv_2645,9
Sigmoid_2646,9
Mul_2647,9
GlobalAveragePool_2648,9
Conv_2649,9
Sigmoid_2650,9
Mul_2651,9
Conv_2652,9
Sigmoid_2653,9
Mul_2654,9
Conv_2655,9
Add_2656,9
Conv_2657,9
Sigmoid_2658,9
Mul_2659,9
GlobalAveragePool_2660,9
Flatten_2661,9
Gemm_2662,9
Softmax_2663,9
