Conv_1,0
Relu_2,0
MaxPool_3,0
Conv_4,0
Relu_5,0
Conv_6,0
Relu_7,0
Conv_8,0
Conv_9,0
Add_10,0
Relu_11,0
Conv_12,0
Relu_13,0
Conv_14,0
Relu_15,0
Conv_16,1
Add_17,1
Relu_18,1
Conv_19,1
Relu_20,1
Conv_21,1
Relu_22,1
Conv_23,1
Add_24,1
Relu_25,1
Conv_26,1
Relu_27,1
Conv_28,1
Relu_29,1
Conv_30,1
Conv_31,1
Add_32,1
Relu_33,1
Conv_34,2
Relu_35,2
Conv_36,2
Relu_37,2
Conv_38,2
Add_39,2
Relu_40,2
Conv_41,2
Relu_42,2
Conv_43,2
Relu_44,2
Conv_45,2
Add_46,2
Relu_47,2
Conv_48,2
Relu_49,2
Conv_50,2
Relu_51,2
Conv_52,2
Add_53,2
Relu_54,2
Conv_55,2
Relu_56,2
Conv_57,2
Relu_58,2
Conv_59,2
Conv_60,2
Add_61,2
Relu_62,2
Conv_63,2
Relu_64,2
Conv_65,2
Relu_66,2
Conv_67,2
Add_68,2
Relu_69,2
Conv_70,2
Relu_71,2
Conv_72,2
Relu_73,2
Conv_74,2
Add_75,2
Relu_76,2
Conv_77,3
Relu_78,3
Conv_79,3
Relu_80,3
Conv_81,3
Add_82,3
Relu_83,3
Conv_84,3
Relu_85,3
Conv_86,3
Relu_87,3
Conv_88,3
Add_89,3
Relu_90,3
Conv_91,3
Relu_92,3
Conv_93,3
Relu_94,3
Conv_95,3
Add_96,3
Relu_97,3
Conv_98,3
Relu_99,3
Conv_100,3
Relu_101,3
Conv_102,3
Conv_103,3
Add_104,3
Relu_105,3
Conv_106,3
Relu_107,3
Conv_108,3
Relu_109,3
Conv_110,3
Add_111,3
Relu_112,3
Conv_113,3
Relu_114,3
Conv_115,3
Relu_116,3
Conv_117,3
Add_118,3
Relu_119,3
Conv_120,3
Conv_121,3
Conv_122,4
Shape_123,4
Gather_124,4
Shape_125,4
Slice_128,4
Cast_129,4
Concat_130,4
Resize_132,4
Add_133,4
Shape_134,4
Gather_135,4
Shape_136,4
Slice_137,4
Cast_138,4
Concat_139,4
Resize_140,4
Add_141,4
Conv_142,4
Conv_143,4
Conv_144,4
Conv_145,4
Relu_146,4
Conv_147,4
Conv_148,4
Reshape_150,4
TRTInstanceNormalization_153,4
Shape_154,4
Reshape_155,4
Mul_156,4
Add_157,4
Relu_158,4
Conv_159,4
Reshape_160,5
TRTInstanceNormalization_161,5
Shape_162,5
Reshape_163,5
Mul_164,5
Add_165,5
Relu_166,5
Conv_167,5
Reshape_168,5
TRTInstanceNormalization_169,5
Shape_170,5
Reshape_171,5
Mul_172,5
Add_173,5
Relu_174,5
Conv_175,5
Reshape_176,5
TRTInstanceNormalization_177,5
Shape_178,5
Reshape_179,5
Mul_180,5
Add_181,5
Relu_182,5
Conv_183,5
Conv_184,5
Reshape_185,6
TRTInstanceNormalization_186,6
Shape_187,6
Reshape_188,6
Mul_189,6
Add_190,6
Relu_191,6
Conv_192,6
Reshape_193,6
TRTInstanceNormalization_194,6
Shape_195,6
Reshape_196,6
Mul_197,6
Add_198,6
Relu_199,6
Conv_200,6
Reshape_201,6
TRTInstanceNormalization_202,6
Shape_203,6
Reshape_204,6
Mul_205,6
Add_206,6
Relu_207,6
Conv_208,6
Reshape_209,6
TRTInstanceNormalization_210,6
Shape_211,6
Reshape_212,6
Mul_213,6
Add_214,6
Relu_215,6
Conv_216,6
Mul_217,7
Cast_218,7
Clip_219,7
Mul_221,7
Conv_222,7
Reshape_223,7
TRTInstanceNormalization_224,7
Shape_225,7
Reshape_226,7
Mul_227,7
Add_228,7
Relu_229,7
Conv_230,7
Reshape_231,7
TRTInstanceNormalization_232,7
Shape_233,7
Reshape_234,7
Mul_235,7
Add_236,7
Relu_237,7
Conv_238,7
Reshape_239,7
TRTInstanceNormalization_240,7
Shape_241,7
Reshape_242,7
Mul_243,7
Add_244,7
Relu_245,7
Conv_246,7
Reshape_247,7
TRTInstanceNormalization_248,7
Shape_249,7
Reshape_250,7
Mul_251,7
Add_252,7
Relu_253,7
Conv_254,7
Conv_255,7
Reshape_256,7
TRTInstanceNormalization_257,7
Shape_258,7
Reshape_259,7
Mul_260,7
Add_261,7
Relu_262,7
Conv_263,7
Reshape_264,7
TRTInstanceNormalization_265,7
Shape_266,7
Reshape_267,7
Mul_268,7
Add_269,7
Relu_270,7
Conv_271,7
Reshape_272,7
TRTInstanceNormalization_273,7
Shape_274,7
Reshape_275,7
Mul_276,7
Add_277,7
Relu_278,7
Conv_279,7
Reshape_280,7
TRTInstanceNormalization_281,7
Shape_282,7
Reshape_283,7
Mul_284,7
Add_285,7
Relu_286,7
Conv_287,7
Mul_288,7
Cast_289,7
Clip_290,7
Mul_292,7
Conv_293,7
Reshape_294,7
TRTInstanceNormalization_295,7
Shape_296,7
Reshape_297,7
Mul_298,7
Add_299,7
Relu_300,7
Conv_301,7
Reshape_302,7
TRTInstanceNormalization_303,7
Shape_304,7
Reshape_305,7
Mul_306,7
Add_307,7
Relu_308,7
Conv_309,7
Reshape_310,8
TRTInstanceNormalization_311,8
Shape_312,8
Reshape_313,8
Mul_314,8
Add_315,8
Relu_316,8
Conv_317,8
Reshape_318,8
TRTInstanceNormalization_319,8
Shape_320,8
Reshape_321,8
Mul_322,8
Add_323,8
Relu_324,8
Conv_325,8
Conv_326,8
Reshape_327,8
TRTInstanceNormalization_328,8
Shape_329,8
Reshape_330,8
Mul_331,8
Add_332,8
Relu_333,8
Conv_334,8
Reshape_335,8
TRTInstanceNormalization_336,8
Shape_337,8
Reshape_338,8
Mul_339,8
Add_340,8
Relu_341,8
Conv_342,8
Reshape_343,8
TRTInstanceNormalization_344,8
Shape_345,8
Reshape_346,8
Mul_347,8
Add_348,8
Relu_349,8
Conv_350,8
Reshape_351,8
TRTInstanceNormalization_352,8
Shape_353,8
Reshape_354,8
Mul_355,8
Add_356,8
Relu_357,8
Conv_358,8
Mul_359,8
Cast_360,8
Clip_361,8
Mul_363,8
Conv_364,8
Reshape_365,8
TRTInstanceNormalization_366,8
Shape_367,8
Reshape_368,8
Mul_369,8
Add_370,8
Relu_371,8
Conv_372,8
Reshape_373,8
TRTInstanceNormalization_374,8
Shape_375,8
Reshape_376,8
Mul_377,8
Add_378,8
Relu_379,8
Conv_380,8
Reshape_381,8
TRTInstanceNormalization_382,8
Shape_383,8
Reshape_384,8
Mul_385,8
Add_386,8
Relu_387,8
Conv_388,8
Reshape_389,8
TRTInstanceNormalization_390,8
Shape_391,8
Reshape_392,8
Mul_393,8
Add_394,8
Relu_395,8
Conv_396,8
Conv_397,8
Reshape_398,8
TRTInstanceNormalization_399,8
Shape_400,8
Reshape_401,8
Mul_402,8
Add_403,8
Relu_404,8
Conv_405,8
Reshape_406,8
TRTInstanceNormalization_407,8
Shape_408,8
Reshape_409,8
Mul_410,8
Add_411,8
Relu_412,8
Conv_413,8
Reshape_414,8
TRTInstanceNormalization_415,8
Shape_416,8
Reshape_417,8
Mul_418,8
Add_419,8
Relu_420,8
Conv_421,8
Reshape_422,8
TRTInstanceNormalization_423,8
Shape_424,8
Reshape_425,8
Mul_426,8
Add_427,8
Relu_428,8
Conv_429,8
Mul_430,8
Cast_431,8
Clip_432,8
Mul_434,8
Conv_435,8
Reshape_436,8
TRTInstanceNormalization_437,8
Shape_438,8
Reshape_439,8
Mul_440,8
Add_441,8
Relu_442,8
Conv_443,8
Reshape_444,8
TRTInstanceNormalization_445,8
Shape_446,8
Reshape_447,8
Mul_448,8
Add_449,8
Relu_450,8
Conv_451,8
Reshape_452,8
TRTInstanceNormalization_453,8
Shape_454,8
Reshape_455,8
Mul_456,8
Add_457,8
Relu_458,8
Conv_459,8
Reshape_460,8
TRTInstanceNormalization_461,8
Shape_462,8
Reshape_463,8
Mul_464,8
Add_465,8
Relu_466,8
Conv_467,8
Conv_468,8
Reshape_469,8
TRTInstanceNormalization_470,8
Shape_471,8
Reshape_472,8
Mul_473,8
Add_474,8
Relu_475,8
Conv_476,8
Reshape_477,8
TRTInstanceNormalization_478,8
Shape_479,8
Reshape_480,8
Mul_481,8
Add_482,8
Relu_483,8
Conv_484,8
Reshape_485,8
TRTInstanceNormalization_486,8
Shape_487,8
Reshape_488,8
Mul_489,8
Add_490,8
Relu_491,8
Conv_492,8
Reshape_493,8
TRTInstanceNormalization_494,8
Shape_495,8
Reshape_496,8
Mul_497,8
Add_498,8
Relu_499,8
Conv_500,8
Mul_501,8
Cast_502,8
Clip_503,8
Mul_505,8
Shape_506,8
Gather_508,8
Transpose_509,8
Unsqueeze_510,8
Concat_511,8
Reshape_512,8
Sigmoid_513,8
Transpose_514,8
Concat_515,8
Reshape_516,8
Shape_518,8
Gather_519,8
Gather_521,8
Unsqueeze_522,8
Unsqueeze_523,8
Concat_524,8
Concat_526,8
Shape_527,8
Gather_528,8
Gather_529,8
Unsqueeze_530,8
Unsqueeze_531,8
Concat_532,8
Add_535,8
Concat_536,8
ReduceMax_537,8
TopK_538,8
Shape_539,8
Gather_540,8
Gather_542,8
GatherTopk_543,8
Cast_544,8
Shape_545,8
Gather_546,8
Unsqueeze_547,8
Unsqueeze_548,8
Unsqueeze_549,8
Concat_550,8
Reshape_551,8
GatherTopk_552,8
Cast_553,8
Shape_554,8
Gather_555,8
Unsqueeze_556,8
Concat_557,8
Reshape_558,8
Flatten_559,8
Add_560,8
Gather_561,8
Shape_562,8
Concat_563,8
Reshape_564,8
Transpose_565,8
Reshape_566,8
Sigmoid_567,8
Transpose_568,8
Reshape_569,8
Shape_571,8
Gather_572,8
Gather_573,8
Unsqueeze_574,8
Unsqueeze_575,8
Concat_576,8
Concat_578,8
Shape_579,8
Gather_580,8
Gather_581,8
Unsqueeze_582,8
Unsqueeze_583,8
Concat_584,8
Add_586,8
Concat_587,8
ReduceMax_588,8
TopK_589,8
Shape_590,8
Gather_591,8
Gather_592,8
GatherTopk_593,8
Cast_594,8
Shape_595,8
Gather_596,8
Unsqueeze_597,8
Unsqueeze_598,8
Unsqueeze_599,8
Concat_600,8
Reshape_601,8
GatherTopk_602,8
Cast_603,8
Shape_604,8
Gather_605,8
Unsqueeze_606,8
Concat_607,8
Reshape_608,8
Flatten_609,8
Add_610,8
Gather_611,8
Shape_612,8
Concat_613,8
Reshape_614,8
Transpose_615,8
Reshape_616,8
Sigmoid_617,8
Transpose_618,8
Reshape_619,8
Shape_621,8
Gather_622,8
Gather_623,8
Unsqueeze_624,8
Unsqueeze_625,8
Concat_626,8
Concat_628,8
Shape_629,8
Gather_630,8
Gather_631,8
Unsqueeze_632,8
Unsqueeze_633,8
Concat_634,8
Add_636,8
Concat_637,8
ReduceMax_638,8
TopK_639,8
Shape_640,8
Gather_641,8
Gather_642,8
GatherTopk_643,8
Cast_644,8
Shape_645,8
Gather_646,8
Unsqueeze_647,8
Unsqueeze_648,8
Unsqueeze_649,8
Concat_650,8
Reshape_651,8
GatherTopk_652,8
Cast_653,8
Shape_654,8
Gather_655,8
Unsqueeze_656,8
Concat_657,8
Reshape_658,8
Flatten_659,8
Add_660,8
Gather_661,8
Shape_662,8
Concat_663,8
Reshape_664,8
Transpose_665,8
Reshape_666,8
Sigmoid_667,8
Transpose_668,8
Reshape_669,8
Shape_671,8
Gather_672,8
Gather_673,8
Unsqueeze_674,8
Unsqueeze_675,8
Concat_676,8
Concat_678,8
Shape_679,8
Gather_680,8
Gather_681,8
Unsqueeze_682,8
Unsqueeze_683,8
Concat_684,8
Add_686,8
Concat_687,8
ReduceMax_688,8
TopK_689,8
Shape_690,8
Gather_691,8
Gather_692,8
GatherTopk_693,8
Cast_694,8
Shape_695,8
Gather_696,8
Unsqueeze_697,8
Unsqueeze_698,8
Unsqueeze_699,8
Concat_700,8
Reshape_701,8
GatherTopk_702,8
Cast_703,8
Shape_704,8
Gather_705,8
Unsqueeze_706,8
Concat_707,8
Reshape_708,8
Flatten_709,8
Add_710,8
Gather_711,8
Shape_712,8
Concat_713,8
Reshape_714,8
Transpose_715,8
Reshape_716,8
Sigmoid_717,8
Transpose_718,8
Reshape_719,8
Shape_721,8
Gather_722,8
Gather_723,8
Unsqueeze_724,8
Unsqueeze_725,8
Concat_726,8
Concat_728,8
Shape_729,8
Gather_730,8
Gather_731,8
Unsqueeze_732,8
Unsqueeze_733,8
Concat_734,8
Add_736,8
Concat_737,8
ReduceMax_738,8
TopK_739,8
Shape_740,8
Gather_741,8
Gather_742,8
GatherTopk_743,8
Cast_744,8
Shape_745,8
Gather_746,8
Unsqueeze_747,8
Unsqueeze_748,8
Unsqueeze_749,8
Concat_750,8
Reshape_751,8
GatherTopk_752,8
Cast_753,8
Shape_754,8
Gather_755,8
Unsqueeze_756,8
Concat_757,8
Reshape_758,8
Flatten_759,8
Add_760,8
Gather_761,8
Shape_762,8
Concat_763,8
Reshape_764,8
Concat_765,8
Concat_766,8
Concat_767,8
Gather_769,8
Gather_770,8
Sub_771,8
Gather_773,8
Gather_774,8
Sub_775,8
Gather_777,8
Add_778,8
Gather_780,8
Add_781,8
Clip_782,8
Clip_783,8
Clip_784,8
Clip_785,8
Unsqueeze_786,8
Unsqueeze_787,8
Unsqueeze_788,8
Unsqueeze_789,8
Concat_790,8
Unsqueeze_791,8
TRTBatchedNMS_792,8
Shape_793,8
Gather_794,8
Shape_795,8
Gather_796,8
Gather_797,8
Shape_798,8
Gather_799,8
Unsqueeze_800,8
Unsqueeze_801,8
Unsqueeze_802,8
Concat_803,8
Reshape_804,8
Unsqueeze_805,8
Concat_806,8
Reshape_807,8
