Conv_0,0
Relu_1,0
MaxPool_2,0
Conv_3,0
Relu_4,0
Conv_5,0
Relu_6,0
Conv_7,0
Conv_8,0
Add_9,0
Relu_10,0
Conv_11,0
Relu_12,0
Conv_13,0
Relu_14,0
Conv_15,0
Add_16,0
Relu_17,0
Conv_18,0
Relu_19,0
Conv_20,0
Relu_21,0
Conv_22,0
Add_23,0
Relu_24,1
Conv_25,1
Relu_26,1
Conv_27,1
Relu_28,1
Conv_29,1
Conv_30,1
Add_31,1
Relu_32,1
Conv_33,1
Relu_34,1
Conv_35,1
Relu_36,1
Conv_37,1
Add_38,1
Relu_39,1
Conv_40,1
Relu_41,1
Conv_42,1
Relu_43,1
Conv_44,1
Add_45,1
Relu_46,1
Conv_47,1
Relu_48,1
Conv_49,1
Relu_50,1
Conv_51,1
Add_52,1
Relu_53,1
Conv_54,2
Relu_55,2
Conv_56,2
Relu_57,2
Conv_58,2
Add_59,2
Relu_60,2
Conv_61,2
Relu_62,2
Conv_63,2
Relu_64,2
Conv_65,2
Add_66,2
Relu_67,2
Conv_68,2
Relu_69,2
Conv_70,2
Relu_71,2
Conv_72,2
Add_73,2
Relu_74,2
Conv_75,2
Relu_76,2
Conv_77,2
Relu_78,2
Conv_79,2
Add_80,2
Relu_81,2
Conv_82,2
Relu_83,2
Conv_84,2
Relu_85,2
Conv_86,2
Conv_87,2
Add_88,2
Relu_89,3
Conv_90,3
Relu_91,3
Conv_92,3
Relu_93,3
Conv_94,3
Add_95,3
Relu_96,3
Conv_97,3
Relu_98,3
Conv_99,3
Relu_100,3
Conv_101,3
Add_102,3
Relu_103,3
Conv_104,3
Relu_105,3
Conv_106,3
Relu_107,3
Conv_108,3
Add_109,3
Relu_110,3
Conv_111,3
Relu_112,3
Conv_113,3
Relu_114,3
Conv_115,3
Add_116,3
Relu_117,3
Conv_118,3
Relu_119,3
Conv_120,3
Relu_121,3
Conv_122,3
Add_123,3
Relu_124,3
Conv_125,4
Relu_126,4
Conv_127,4
Relu_128,4
Conv_129,4
Add_130,4
Relu_131,4
Conv_132,4
Relu_133,4
Conv_134,4
Relu_135,4
Conv_136,4
Add_137,4
Relu_138,4
Conv_139,4
Relu_140,4
Conv_141,4
Relu_142,4
Conv_143,4
Add_144,4
Relu_145,4
Conv_146,4
Relu_147,4
Conv_148,4
Relu_149,4
Conv_150,4
Add_151,4
Relu_152,4
Conv_153,4
Relu_154,4
Conv_155,4
Relu_156,4
Conv_157,4
Add_158,4
Relu_159,5
Conv_160,5
Relu_161,5
Conv_162,5
Relu_163,5
Conv_164,5
Add_165,5
Relu_166,5
Conv_167,5
Relu_168,5
Conv_169,5
Relu_170,5
Conv_171,5
Add_172,5
Relu_173,5
Conv_174,5
Relu_175,5
Conv_176,5
Relu_177,5
Conv_178,5
Add_179,5
Relu_180,5
Conv_181,5
Relu_182,5
Conv_183,5
Relu_184,5
Conv_185,5
Add_186,5
Relu_187,5
Conv_188,5
Relu_189,5
Conv_190,5
Relu_191,5
Conv_192,5
Add_193,5
Relu_194,5
Conv_195,6
Relu_196,6
Conv_197,6
Relu_198,6
Conv_199,6
Add_200,6
Relu_201,6
Conv_202,6
Relu_203,6
Conv_204,6
Relu_205,6
Conv_206,6
Add_207,6
Relu_208,6
Conv_209,6
Relu_210,6
Conv_211,6
Relu_212,6
Conv_213,6
Add_214,6
Relu_215,6
Conv_216,6
Relu_217,6
Conv_218,6
Relu_219,6
Conv_220,6
Add_221,6
Relu_222,6
Conv_223,6
Relu_224,6
Conv_225,6
Relu_226,6
Conv_227,6
Add_228,6
Relu_229,6
Conv_230,7
Relu_231,7
Conv_232,7
Relu_233,7
Conv_234,7
Add_235,7
Relu_236,7
Conv_237,7
Relu_238,7
Conv_239,7
Relu_240,7
Conv_241,7
Add_242,7
Relu_243,7
Conv_244,7
Relu_245,7
Conv_246,7
Relu_247,7
Conv_248,7
Add_249,7
Relu_250,7
Conv_251,7
Relu_252,7
Conv_253,7
Relu_254,7
Conv_255,7
Add_256,7
Relu_257,7
Conv_258,7
Relu_259,7
Conv_260,7
Relu_261,7
Conv_262,7
Add_263,7
Relu_264,8
Conv_265,8
Relu_266,8
Conv_267,8
Relu_268,8
Conv_269,8
Add_270,8
Relu_271,8
Conv_272,8
Relu_273,8
Conv_274,8
Relu_275,8
Conv_276,8
Add_277,8
Relu_278,8
Conv_279,8
Relu_280,8
Conv_281,8
Relu_282,8
Conv_283,8
Add_284,8
Relu_285,8
Conv_286,8
Relu_287,8
Conv_288,8
Relu_289,8
Conv_290,8
Add_291,8
Relu_292,8
Conv_293,8
Relu_294,8
Conv_295,8
Relu_296,8
Conv_297,8
Add_298,8
Relu_299,8
Conv_300,8
Relu_301,8
Conv_302,8
Relu_303,8
Conv_304,8
Add_305,8
Relu_306,8
Conv_307,8
Relu_308,8
Conv_309,8
Relu_310,8
Conv_311,8
Add_312,8
Relu_313,9
Conv_314,9
Relu_315,9
Conv_316,9
Relu_317,9
Conv_318,9
Add_319,9
Relu_320,9
Conv_321,9
Relu_322,9
Conv_323,9
Relu_324,9
Conv_325,9
Add_326,9
Relu_327,9
Conv_328,9
Relu_329,9
Conv_330,9
Relu_331,9
Conv_332,9
Add_333,9
Relu_334,9
Conv_335,9
Relu_336,9
Conv_337,9
Relu_338,9
Conv_339,9
Conv_340,9
Add_341,9
Relu_342,9
Conv_343,9
Relu_344,9
Conv_345,9
Relu_346,9
Conv_347,9
Add_348,9
Relu_349,9
Conv_350,9
Relu_351,9
Conv_352,9
Relu_353,9
Conv_354,9
Add_355,9
Relu_356,9
GlobalAveragePool_357,9
Flatten_358,9
Gemm_359,9
Softmax_360,9
