/features/features.0/features.0.0/Conv,0
/features/features.0/features.0.1/Transpose,0
/features/features.0/features.0.1/ReduceMean,0
/features/features.0/features.0.1/Sub,0
/features/features.0/features.0.1/Pow,0
/features/features.0/features.0.1/ReduceMean_1,0
/features/features.0/features.0.1/Add,0
/features/features.0/features.0.1/Sqrt,0
/features/features.0/features.0.1/Div,0
/features/features.0/features.0.1/Mul,0
/features/features.0/features.0.1/Add_1,0
/features/features.0/features.0.1/Transpose_1,0
/features/features.1/features.1.0/block/block.0/Conv,0
/features/features.1/features.1.0/block/block.1/Transpose,0
/features/features.1/features.1.0/block/block.2/ReduceMean,0
/features/features.1/features.1.0/block/block.2/Sub,0
/features/features.1/features.1.0/block/block.2/Pow,0
/features/features.1/features.1.0/block/block.2/ReduceMean_1,0
/features/features.1/features.1.0/block/block.2/Add,0
/features/features.1/features.1.0/block/block.2/Sqrt,0
/features/features.1/features.1.0/block/block.2/Div,0
/features/features.1/features.1.0/block/block.2/Mul,0
/features/features.1/features.1.0/block/block.2/Add_1,0
/features/features.1/features.1.0/block/block.3/MatMul,0
/features/features.1/features.1.0/block/block.3/Add,0
/features/features.1/features.1.0/block/block.4/Div,0
/features/features.1/features.1.0/block/block.4/Erf,0
/features/features.1/features.1.0/block/block.4/Add,0
/features/features.1/features.1.0/block/block.4/Mul,0
/features/features.1/features.1.0/block/block.4/Mul_1,0
/features/features.1/features.1.0/block/block.5/MatMul,0
/features/features.1/features.1.0/block/block.5/Add,0
/features/features.1/features.1.0/block/block.6/Transpose,0
/features/features.1/features.1.0/Mul,0
/features/features.1/features.1.0/Add,0
/features/features.1/features.1.1/block/block.0/Conv,1
/features/features.1/features.1.1/block/block.1/Transpose,1
/features/features.1/features.1.1/block/block.2/ReduceMean,1
/features/features.1/features.1.1/block/block.2/Sub,1
/features/features.1/features.1.1/block/block.2/Pow,1
/features/features.1/features.1.1/block/block.2/ReduceMean_1,1
/features/features.1/features.1.1/block/block.2/Add,1
/features/features.1/features.1.1/block/block.2/Sqrt,1
/features/features.1/features.1.1/block/block.2/Div,1
/features/features.1/features.1.1/block/block.2/Mul,1
/features/features.1/features.1.1/block/block.2/Add_1,1
/features/features.1/features.1.1/block/block.3/MatMul,1
/features/features.1/features.1.1/block/block.3/Add,1
/features/features.1/features.1.1/block/block.4/Div,1
/features/features.1/features.1.1/block/block.4/Erf,1
/features/features.1/features.1.1/block/block.4/Add,1
/features/features.1/features.1.1/block/block.4/Mul,1
/features/features.1/features.1.1/block/block.4/Mul_1,1
/features/features.1/features.1.1/block/block.5/MatMul,1
/features/features.1/features.1.1/block/block.5/Add,1
/features/features.1/features.1.1/block/block.6/Transpose,1
/features/features.1/features.1.1/Mul,1
/features/features.1/features.1.1/Add,1
/features/features.1/features.1.2/block/block.0/Conv,1
/features/features.1/features.1.2/block/block.1/Transpose,1
/features/features.1/features.1.2/block/block.2/ReduceMean,1
/features/features.1/features.1.2/block/block.2/Sub,1
/features/features.1/features.1.2/block/block.2/Pow,1
/features/features.1/features.1.2/block/block.2/ReduceMean_1,1
/features/features.1/features.1.2/block/block.2/Add,1
/features/features.1/features.1.2/block/block.2/Sqrt,1
/features/features.1/features.1.2/block/block.2/Div,1
/features/features.1/features.1.2/block/block.2/Mul,2
/features/features.1/features.1.2/block/block.2/Add_1,2
/features/features.1/features.1.2/block/block.3/MatMul,2
/features/features.1/features.1.2/block/block.3/Add,2
/features/features.1/features.1.2/block/block.4/Div,2
/features/features.1/features.1.2/block/block.4/Erf,2
/features/features.1/features.1.2/block/block.4/Add,2
/features/features.1/features.1.2/block/block.4/Mul,2
/features/features.1/features.1.2/block/block.4/Mul_1,2
/features/features.1/features.1.2/block/block.5/MatMul,2
/features/features.1/features.1.2/block/block.5/Add,2
/features/features.1/features.1.2/block/block.6/Transpose,2
/features/features.1/features.1.2/Mul,2
/features/features.1/features.1.2/Add,2
/features/features.2/features.2.0/Transpose,2
/features/features.2/features.2.0/ReduceMean,2
/features/features.2/features.2.0/Sub,2
/features/features.2/features.2.0/Pow,2
/features/features.2/features.2.0/ReduceMean_1,2
/features/features.2/features.2.0/Add,2
/features/features.2/features.2.0/Sqrt,2
/features/features.2/features.2.0/Div,2
/features/features.2/features.2.0/Mul,2
/features/features.2/features.2.0/Add_1,2
/features/features.2/features.2.0/Transpose_1,2
/features/features.2/features.2.1/Conv,2
/features/features.3/features.3.0/block/block.0/Conv,2
/features/features.3/features.3.0/block/block.1/Transpose,2
/features/features.3/features.3.0/block/block.2/ReduceMean,2
/features/features.3/features.3.0/block/block.2/Sub,2
/features/features.3/features.3.0/block/block.2/Pow,2
/features/features.3/features.3.0/block/block.2/ReduceMean_1,2
/features/features.3/features.3.0/block/block.2/Add,2
/features/features.3/features.3.0/block/block.2/Sqrt,2
/features/features.3/features.3.0/block/block.2/Div,2
/features/features.3/features.3.0/block/block.2/Mul,2
/features/features.3/features.3.0/block/block.2/Add_1,2
/features/features.3/features.3.0/block/block.3/MatMul,2
/features/features.3/features.3.0/block/block.3/Add,2
/features/features.3/features.3.0/block/block.4/Div,2
/features/features.3/features.3.0/block/block.4/Erf,2
/features/features.3/features.3.0/block/block.4/Add,2
/features/features.3/features.3.0/block/block.4/Mul,2
/features/features.3/features.3.0/block/block.4/Mul_1,2
/features/features.3/features.3.0/block/block.5/MatMul,2
/features/features.3/features.3.0/block/block.5/Add,2
/features/features.3/features.3.0/block/block.6/Transpose,2
/features/features.3/features.3.0/Mul,2
/features/features.3/features.3.0/Add,2
/features/features.3/features.3.1/block/block.0/Conv,3
/features/features.3/features.3.1/block/block.1/Transpose,3
/features/features.3/features.3.1/block/block.2/ReduceMean,3
/features/features.3/features.3.1/block/block.2/Sub,3
/features/features.3/features.3.1/block/block.2/Pow,3
/features/features.3/features.3.1/block/block.2/ReduceMean_1,3
/features/features.3/features.3.1/block/block.2/Add,3
/features/features.3/features.3.1/block/block.2/Sqrt,3
/features/features.3/features.3.1/block/block.2/Div,3
/features/features.3/features.3.1/block/block.2/Mul,3
/features/features.3/features.3.1/block/block.2/Add_1,3
/features/features.3/features.3.1/block/block.3/MatMul,3
/features/features.3/features.3.1/block/block.3/Add,3
/features/features.3/features.3.1/block/block.4/Div,3
/features/features.3/features.3.1/block/block.4/Erf,3
/features/features.3/features.3.1/block/block.4/Add,3
/features/features.3/features.3.1/block/block.4/Mul,3
/features/features.3/features.3.1/block/block.4/Mul_1,3
/features/features.3/features.3.1/block/block.5/MatMul,3
/features/features.3/features.3.1/block/block.5/Add,3
/features/features.3/features.3.1/block/block.6/Transpose,3
/features/features.3/features.3.1/Mul,3
/features/features.3/features.3.1/Add,3
/features/features.3/features.3.2/block/block.0/Conv,3
/features/features.3/features.3.2/block/block.1/Transpose,3
/features/features.3/features.3.2/block/block.2/ReduceMean,3
/features/features.3/features.3.2/block/block.2/Sub,3
/features/features.3/features.3.2/block/block.2/Pow,3
/features/features.3/features.3.2/block/block.2/ReduceMean_1,3
/features/features.3/features.3.2/block/block.2/Add,3
/features/features.3/features.3.2/block/block.2/Sqrt,3
/features/features.3/features.3.2/block/block.2/Div,3
/features/features.3/features.3.2/block/block.2/Mul,3
/features/features.3/features.3.2/block/block.2/Add_1,3
/features/features.3/features.3.2/block/block.3/MatMul,3
/features/features.3/features.3.2/block/block.3/Add,3
/features/features.3/features.3.2/block/block.4/Div,3
/features/features.3/features.3.2/block/block.4/Erf,3
/features/features.3/features.3.2/block/block.4/Add,3
/features/features.3/features.3.2/block/block.4/Mul,3
/features/features.3/features.3.2/block/block.4/Mul_1,3
/features/features.3/features.3.2/block/block.5/MatMul,3
/features/features.3/features.3.2/block/block.5/Add,3
/features/features.3/features.3.2/block/block.6/Transpose,3
/features/features.3/features.3.2/Mul,3
/features/features.3/features.3.2/Add,3
/features/features.4/features.4.0/Transpose,3
/features/features.4/features.4.0/ReduceMean,3
/features/features.4/features.4.0/Sub,3
/features/features.4/features.4.0/Pow,3
/features/features.4/features.4.0/ReduceMean_1,3
/features/features.4/features.4.0/Add,3
/features/features.4/features.4.0/Sqrt,3
/features/features.4/features.4.0/Div,3
/features/features.4/features.4.0/Mul,3
/features/features.4/features.4.0/Add_1,3
/features/features.4/features.4.0/Transpose_1,3
/features/features.4/features.4.1/Conv,3
/features/features.5/features.5.0/block/block.0/Conv,4
/features/features.5/features.5.0/block/block.1/Transpose,4
/features/features.5/features.5.0/block/block.2/ReduceMean,4
/features/features.5/features.5.0/block/block.2/Sub,4
/features/features.5/features.5.0/block/block.2/Pow,4
/features/features.5/features.5.0/block/block.2/ReduceMean_1,4
/features/features.5/features.5.0/block/block.2/Add,4
/features/features.5/features.5.0/block/block.2/Sqrt,4
/features/features.5/features.5.0/block/block.2/Div,4
/features/features.5/features.5.0/block/block.2/Mul,4
/features/features.5/features.5.0/block/block.2/Add_1,4
/features/features.5/features.5.0/block/block.3/MatMul,4
/features/features.5/features.5.0/block/block.3/Add,4
/features/features.5/features.5.0/block/block.4/Div,4
/features/features.5/features.5.0/block/block.4/Erf,4
/features/features.5/features.5.0/block/block.4/Add,4
/features/features.5/features.5.0/block/block.4/Mul,4
/features/features.5/features.5.0/block/block.4/Mul_1,4
/features/features.5/features.5.0/block/block.5/MatMul,4
/features/features.5/features.5.0/block/block.5/Add,4
/features/features.5/features.5.0/block/block.6/Transpose,4
/features/features.5/features.5.0/Mul,4
/features/features.5/features.5.0/Add,4
/features/features.5/features.5.1/block/block.0/Conv,4
/features/features.5/features.5.1/block/block.1/Transpose,4
/features/features.5/features.5.1/block/block.2/ReduceMean,4
/features/features.5/features.5.1/block/block.2/Sub,4
/features/features.5/features.5.1/block/block.2/Pow,4
/features/features.5/features.5.1/block/block.2/ReduceMean_1,4
/features/features.5/features.5.1/block/block.2/Add,4
/features/features.5/features.5.1/block/block.2/Sqrt,4
/features/features.5/features.5.1/block/block.2/Div,4
/features/features.5/features.5.1/block/block.2/Mul,4
/features/features.5/features.5.1/block/block.2/Add_1,4
/features/features.5/features.5.1/block/block.3/MatMul,4
/features/features.5/features.5.1/block/block.3/Add,4
/features/features.5/features.5.1/block/block.4/Div,4
/features/features.5/features.5.1/block/block.4/Erf,4
/features/features.5/features.5.1/block/block.4/Add,4
/features/features.5/features.5.1/block/block.4/Mul,4
/features/features.5/features.5.1/block/block.4/Mul_1,4
/features/features.5/features.5.1/block/block.5/MatMul,4
/features/features.5/features.5.1/block/block.5/Add,4
/features/features.5/features.5.1/block/block.6/Transpose,4
/features/features.5/features.5.1/Mul,4
/features/features.5/features.5.1/Add,4
/features/features.5/features.5.2/block/block.0/Conv,4
/features/features.5/features.5.2/block/block.1/Transpose,4
/features/features.5/features.5.2/block/block.2/ReduceMean,4
/features/features.5/features.5.2/block/block.2/Sub,4
/features/features.5/features.5.2/block/block.2/Pow,4
/features/features.5/features.5.2/block/block.2/ReduceMean_1,4
/features/features.5/features.5.2/block/block.2/Add,4
/features/features.5/features.5.2/block/block.2/Sqrt,4
/features/features.5/features.5.2/block/block.2/Div,4
/features/features.5/features.5.2/block/block.2/Mul,4
/features/features.5/features.5.2/block/block.2/Add_1,4
/features/features.5/features.5.2/block/block.3/MatMul,4
/features/features.5/features.5.2/block/block.3/Add,4
/features/features.5/features.5.2/block/block.4/Div,4
/features/features.5/features.5.2/block/block.4/Erf,4
/features/features.5/features.5.2/block/block.4/Add,4
/features/features.5/features.5.2/block/block.4/Mul,4
/features/features.5/features.5.2/block/block.4/Mul_1,4
/features/features.5/features.5.2/block/block.5/MatMul,4
/features/features.5/features.5.2/block/block.5/Add,4
/features/features.5/features.5.2/block/block.6/Transpose,4
/features/features.5/features.5.2/Mul,4
/features/features.5/features.5.2/Add,4
/features/features.5/features.5.3/block/block.0/Conv,4
/features/features.5/features.5.3/block/block.1/Transpose,4
/features/features.5/features.5.3/block/block.2/ReduceMean,4
/features/features.5/features.5.3/block/block.2/Sub,4
/features/features.5/features.5.3/block/block.2/Pow,4
/features/features.5/features.5.3/block/block.2/ReduceMean_1,4
/features/features.5/features.5.3/block/block.2/Add,4
/features/features.5/features.5.3/block/block.2/Sqrt,4
/features/features.5/features.5.3/block/block.2/Div,4
/features/features.5/features.5.3/block/block.2/Mul,4
/features/features.5/features.5.3/block/block.2/Add_1,4
/features/features.5/features.5.3/block/block.3/MatMul,4
/features/features.5/features.5.3/block/block.3/Add,4
/features/features.5/features.5.3/block/block.4/Div,4
/features/features.5/features.5.3/block/block.4/Erf,4
/features/features.5/features.5.3/block/block.4/Add,4
/features/features.5/features.5.3/block/block.4/Mul,4
/features/features.5/features.5.3/block/block.4/Mul_1,4
/features/features.5/features.5.3/block/block.5/MatMul,4
/features/features.5/features.5.3/block/block.5/Add,4
/features/features.5/features.5.3/block/block.6/Transpose,4
/features/features.5/features.5.3/Mul,4
/features/features.5/features.5.3/Add,4
/features/features.5/features.5.4/block/block.0/Conv,4
/features/features.5/features.5.4/block/block.1/Transpose,4
/features/features.5/features.5.4/block/block.2/ReduceMean,4
/features/features.5/features.5.4/block/block.2/Sub,4
/features/features.5/features.5.4/block/block.2/Pow,4
/features/features.5/features.5.4/block/block.2/ReduceMean_1,4
/features/features.5/features.5.4/block/block.2/Add,4
/features/features.5/features.5.4/block/block.2/Sqrt,4
/features/features.5/features.5.4/block/block.2/Div,4
/features/features.5/features.5.4/block/block.2/Mul,4
/features/features.5/features.5.4/block/block.2/Add_1,4
/features/features.5/features.5.4/block/block.3/MatMul,4
/features/features.5/features.5.4/block/block.3/Add,4
/features/features.5/features.5.4/block/block.4/Div,4
/features/features.5/features.5.4/block/block.4/Erf,4
/features/features.5/features.5.4/block/block.4/Add,4
/features/features.5/features.5.4/block/block.4/Mul,4
/features/features.5/features.5.4/block/block.4/Mul_1,4
/features/features.5/features.5.4/block/block.5/MatMul,4
/features/features.5/features.5.4/block/block.5/Add,4
/features/features.5/features.5.4/block/block.6/Transpose,4
/features/features.5/features.5.4/Mul,4
/features/features.5/features.5.4/Add,4
/features/features.5/features.5.5/block/block.0/Conv,5
/features/features.5/features.5.5/block/block.1/Transpose,5
/features/features.5/features.5.5/block/block.2/ReduceMean,5
/features/features.5/features.5.5/block/block.2/Sub,5
/features/features.5/features.5.5/block/block.2/Pow,5
/features/features.5/features.5.5/block/block.2/ReduceMean_1,5
/features/features.5/features.5.5/block/block.2/Add,5
/features/features.5/features.5.5/block/block.2/Sqrt,5
/features/features.5/features.5.5/block/block.2/Div,5
/features/features.5/features.5.5/block/block.2/Mul,5
/features/features.5/features.5.5/block/block.2/Add_1,5
/features/features.5/features.5.5/block/block.3/MatMul,5
/features/features.5/features.5.5/block/block.3/Add,5
/features/features.5/features.5.5/block/block.4/Div,5
/features/features.5/features.5.5/block/block.4/Erf,5
/features/features.5/features.5.5/block/block.4/Add,5
/features/features.5/features.5.5/block/block.4/Mul,5
/features/features.5/features.5.5/block/block.4/Mul_1,5
/features/features.5/features.5.5/block/block.5/MatMul,5
/features/features.5/features.5.5/block/block.5/Add,5
/features/features.5/features.5.5/block/block.6/Transpose,5
/features/features.5/features.5.5/Mul,5
/features/features.5/features.5.5/Add,5
/features/features.5/features.5.6/block/block.0/Conv,5
/features/features.5/features.5.6/block/block.1/Transpose,5
/features/features.5/features.5.6/block/block.2/ReduceMean,5
/features/features.5/features.5.6/block/block.2/Sub,5
/features/features.5/features.5.6/block/block.2/Pow,5
/features/features.5/features.5.6/block/block.2/ReduceMean_1,5
/features/features.5/features.5.6/block/block.2/Add,5
/features/features.5/features.5.6/block/block.2/Sqrt,5
/features/features.5/features.5.6/block/block.2/Div,5
/features/features.5/features.5.6/block/block.2/Mul,5
/features/features.5/features.5.6/block/block.2/Add_1,5
/features/features.5/features.5.6/block/block.3/MatMul,5
/features/features.5/features.5.6/block/block.3/Add,5
/features/features.5/features.5.6/block/block.4/Div,5
/features/features.5/features.5.6/block/block.4/Erf,5
/features/features.5/features.5.6/block/block.4/Add,5
/features/features.5/features.5.6/block/block.4/Mul,5
/features/features.5/features.5.6/block/block.4/Mul_1,5
/features/features.5/features.5.6/block/block.5/MatMul,5
/features/features.5/features.5.6/block/block.5/Add,5
/features/features.5/features.5.6/block/block.6/Transpose,5
/features/features.5/features.5.6/Mul,5
/features/features.5/features.5.6/Add,5
/features/features.5/features.5.7/block/block.0/Conv,5
/features/features.5/features.5.7/block/block.1/Transpose,5
/features/features.5/features.5.7/block/block.2/ReduceMean,5
/features/features.5/features.5.7/block/block.2/Sub,5
/features/features.5/features.5.7/block/block.2/Pow,5
/features/features.5/features.5.7/block/block.2/ReduceMean_1,5
/features/features.5/features.5.7/block/block.2/Add,5
/features/features.5/features.5.7/block/block.2/Sqrt,5
/features/features.5/features.5.7/block/block.2/Div,5
/features/features.5/features.5.7/block/block.2/Mul,5
/features/features.5/features.5.7/block/block.2/Add_1,5
/features/features.5/features.5.7/block/block.3/MatMul,5
/features/features.5/features.5.7/block/block.3/Add,5
/features/features.5/features.5.7/block/block.4/Div,5
/features/features.5/features.5.7/block/block.4/Erf,5
/features/features.5/features.5.7/block/block.4/Add,5
/features/features.5/features.5.7/block/block.4/Mul,5
/features/features.5/features.5.7/block/block.4/Mul_1,5
/features/features.5/features.5.7/block/block.5/MatMul,5
/features/features.5/features.5.7/block/block.5/Add,5
/features/features.5/features.5.7/block/block.6/Transpose,5
/features/features.5/features.5.7/Mul,5
/features/features.5/features.5.7/Add,5
/features/features.5/features.5.8/block/block.0/Conv,5
/features/features.5/features.5.8/block/block.1/Transpose,5
/features/features.5/features.5.8/block/block.2/ReduceMean,5
/features/features.5/features.5.8/block/block.2/Sub,5
/features/features.5/features.5.8/block/block.2/Pow,5
/features/features.5/features.5.8/block/block.2/ReduceMean_1,5
/features/features.5/features.5.8/block/block.2/Add,5
/features/features.5/features.5.8/block/block.2/Sqrt,5
/features/features.5/features.5.8/block/block.2/Div,5
/features/features.5/features.5.8/block/block.2/Mul,5
/features/features.5/features.5.8/block/block.2/Add_1,5
/features/features.5/features.5.8/block/block.3/MatMul,5
/features/features.5/features.5.8/block/block.3/Add,5
/features/features.5/features.5.8/block/block.4/Div,5
/features/features.5/features.5.8/block/block.4/Erf,5
/features/features.5/features.5.8/block/block.4/Add,5
/features/features.5/features.5.8/block/block.4/Mul,5
/features/features.5/features.5.8/block/block.4/Mul_1,5
/features/features.5/features.5.8/block/block.5/MatMul,5
/features/features.5/features.5.8/block/block.5/Add,5
/features/features.5/features.5.8/block/block.6/Transpose,5
/features/features.5/features.5.8/Mul,5
/features/features.5/features.5.8/Add,5
/features/features.5/features.5.9/block/block.0/Conv,5
/features/features.5/features.5.9/block/block.1/Transpose,5
/features/features.5/features.5.9/block/block.2/ReduceMean,5
/features/features.5/features.5.9/block/block.2/Sub,5
/features/features.5/features.5.9/block/block.2/Pow,5
/features/features.5/features.5.9/block/block.2/ReduceMean_1,5
/features/features.5/features.5.9/block/block.2/Add,5
/features/features.5/features.5.9/block/block.2/Sqrt,5
/features/features.5/features.5.9/block/block.2/Div,5
/features/features.5/features.5.9/block/block.2/Mul,5
/features/features.5/features.5.9/block/block.2/Add_1,5
/features/features.5/features.5.9/block/block.3/MatMul,5
/features/features.5/features.5.9/block/block.3/Add,5
/features/features.5/features.5.9/block/block.4/Div,5
/features/features.5/features.5.9/block/block.4/Erf,5
/features/features.5/features.5.9/block/block.4/Add,5
/features/features.5/features.5.9/block/block.4/Mul,5
/features/features.5/features.5.9/block/block.4/Mul_1,5
/features/features.5/features.5.9/block/block.5/MatMul,5
/features/features.5/features.5.9/block/block.5/Add,5
/features/features.5/features.5.9/block/block.6/Transpose,5
/features/features.5/features.5.9/Mul,5
/features/features.5/features.5.9/Add,5
/features/features.5/features.5.10/block/block.0/Conv,5
/features/features.5/features.5.10/block/block.1/Transpose,5
/features/features.5/features.5.10/block/block.2/ReduceMean,5
/features/features.5/features.5.10/block/block.2/Sub,5
/features/features.5/features.5.10/block/block.2/Pow,5
/features/features.5/features.5.10/block/block.2/ReduceMean_1,5
/features/features.5/features.5.10/block/block.2/Add,5
/features/features.5/features.5.10/block/block.2/Sqrt,5
/features/features.5/features.5.10/block/block.2/Div,5
/features/features.5/features.5.10/block/block.2/Mul,5
/features/features.5/features.5.10/block/block.2/Add_1,5
/features/features.5/features.5.10/block/block.3/MatMul,5
/features/features.5/features.5.10/block/block.3/Add,5
/features/features.5/features.5.10/block/block.4/Div,5
/features/features.5/features.5.10/block/block.4/Erf,5
/features/features.5/features.5.10/block/block.4/Add,5
/features/features.5/features.5.10/block/block.4/Mul,5
/features/features.5/features.5.10/block/block.4/Mul_1,5
/features/features.5/features.5.10/block/block.5/MatMul,5
/features/features.5/features.5.10/block/block.5/Add,5
/features/features.5/features.5.10/block/block.6/Transpose,5
/features/features.5/features.5.10/Mul,5
/features/features.5/features.5.10/Add,5
/features/features.5/features.5.11/block/block.0/Conv,6
/features/features.5/features.5.11/block/block.1/Transpose,6
/features/features.5/features.5.11/block/block.2/ReduceMean,6
/features/features.5/features.5.11/block/block.2/Sub,6
/features/features.5/features.5.11/block/block.2/Pow,6
/features/features.5/features.5.11/block/block.2/ReduceMean_1,6
/features/features.5/features.5.11/block/block.2/Add,6
/features/features.5/features.5.11/block/block.2/Sqrt,6
/features/features.5/features.5.11/block/block.2/Div,6
/features/features.5/features.5.11/block/block.2/Mul,6
/features/features.5/features.5.11/block/block.2/Add_1,6
/features/features.5/features.5.11/block/block.3/MatMul,6
/features/features.5/features.5.11/block/block.3/Add,6
/features/features.5/features.5.11/block/block.4/Div,6
/features/features.5/features.5.11/block/block.4/Erf,6
/features/features.5/features.5.11/block/block.4/Add,6
/features/features.5/features.5.11/block/block.4/Mul,6
/features/features.5/features.5.11/block/block.4/Mul_1,6
/features/features.5/features.5.11/block/block.5/MatMul,6
/features/features.5/features.5.11/block/block.5/Add,6
/features/features.5/features.5.11/block/block.6/Transpose,6
/features/features.5/features.5.11/Mul,6
/features/features.5/features.5.11/Add,6
/features/features.5/features.5.12/block/block.0/Conv,6
/features/features.5/features.5.12/block/block.1/Transpose,6
/features/features.5/features.5.12/block/block.2/ReduceMean,6
/features/features.5/features.5.12/block/block.2/Sub,6
/features/features.5/features.5.12/block/block.2/Pow,6
/features/features.5/features.5.12/block/block.2/ReduceMean_1,6
/features/features.5/features.5.12/block/block.2/Add,6
/features/features.5/features.5.12/block/block.2/Sqrt,6
/features/features.5/features.5.12/block/block.2/Div,6
/features/features.5/features.5.12/block/block.2/Mul,6
/features/features.5/features.5.12/block/block.2/Add_1,6
/features/features.5/features.5.12/block/block.3/MatMul,6
/features/features.5/features.5.12/block/block.3/Add,6
/features/features.5/features.5.12/block/block.4/Div,6
/features/features.5/features.5.12/block/block.4/Erf,6
/features/features.5/features.5.12/block/block.4/Add,6
/features/features.5/features.5.12/block/block.4/Mul,6
/features/features.5/features.5.12/block/block.4/Mul_1,6
/features/features.5/features.5.12/block/block.5/MatMul,6
/features/features.5/features.5.12/block/block.5/Add,6
/features/features.5/features.5.12/block/block.6/Transpose,6
/features/features.5/features.5.12/Mul,6
/features/features.5/features.5.12/Add,6
/features/features.5/features.5.13/block/block.0/Conv,6
/features/features.5/features.5.13/block/block.1/Transpose,6
/features/features.5/features.5.13/block/block.2/ReduceMean,6
/features/features.5/features.5.13/block/block.2/Sub,6
/features/features.5/features.5.13/block/block.2/Pow,6
/features/features.5/features.5.13/block/block.2/ReduceMean_1,6
/features/features.5/features.5.13/block/block.2/Add,6
/features/features.5/features.5.13/block/block.2/Sqrt,6
/features/features.5/features.5.13/block/block.2/Div,6
/features/features.5/features.5.13/block/block.2/Mul,6
/features/features.5/features.5.13/block/block.2/Add_1,6
/features/features.5/features.5.13/block/block.3/MatMul,6
/features/features.5/features.5.13/block/block.3/Add,6
/features/features.5/features.5.13/block/block.4/Div,6
/features/features.5/features.5.13/block/block.4/Erf,6
/features/features.5/features.5.13/block/block.4/Add,6
/features/features.5/features.5.13/block/block.4/Mul,6
/features/features.5/features.5.13/block/block.4/Mul_1,6
/features/features.5/features.5.13/block/block.5/MatMul,6
/features/features.5/features.5.13/block/block.5/Add,6
/features/features.5/features.5.13/block/block.6/Transpose,6
/features/features.5/features.5.13/Mul,6
/features/features.5/features.5.13/Add,6
/features/features.5/features.5.14/block/block.0/Conv,6
/features/features.5/features.5.14/block/block.1/Transpose,6
/features/features.5/features.5.14/block/block.2/ReduceMean,6
/features/features.5/features.5.14/block/block.2/Sub,6
/features/features.5/features.5.14/block/block.2/Pow,6
/features/features.5/features.5.14/block/block.2/ReduceMean_1,6
/features/features.5/features.5.14/block/block.2/Add,6
/features/features.5/features.5.14/block/block.2/Sqrt,6
/features/features.5/features.5.14/block/block.2/Div,6
/features/features.5/features.5.14/block/block.2/Mul,6
/features/features.5/features.5.14/block/block.2/Add_1,6
/features/features.5/features.5.14/block/block.3/MatMul,6
/features/features.5/features.5.14/block/block.3/Add,6
/features/features.5/features.5.14/block/block.4/Div,6
/features/features.5/features.5.14/block/block.4/Erf,6
/features/features.5/features.5.14/block/block.4/Add,6
/features/features.5/features.5.14/block/block.4/Mul,6
/features/features.5/features.5.14/block/block.4/Mul_1,6
/features/features.5/features.5.14/block/block.5/MatMul,6
/features/features.5/features.5.14/block/block.5/Add,6
/features/features.5/features.5.14/block/block.6/Transpose,6
/features/features.5/features.5.14/Mul,6
/features/features.5/features.5.14/Add,6
/features/features.5/features.5.15/block/block.0/Conv,6
/features/features.5/features.5.15/block/block.1/Transpose,6
/features/features.5/features.5.15/block/block.2/ReduceMean,6
/features/features.5/features.5.15/block/block.2/Sub,6
/features/features.5/features.5.15/block/block.2/Pow,6
/features/features.5/features.5.15/block/block.2/ReduceMean_1,6
/features/features.5/features.5.15/block/block.2/Add,6
/features/features.5/features.5.15/block/block.2/Sqrt,6
/features/features.5/features.5.15/block/block.2/Div,6
/features/features.5/features.5.15/block/block.2/Mul,6
/features/features.5/features.5.15/block/block.2/Add_1,6
/features/features.5/features.5.15/block/block.3/MatMul,6
/features/features.5/features.5.15/block/block.3/Add,6
/features/features.5/features.5.15/block/block.4/Div,6
/features/features.5/features.5.15/block/block.4/Erf,6
/features/features.5/features.5.15/block/block.4/Add,6
/features/features.5/features.5.15/block/block.4/Mul,6
/features/features.5/features.5.15/block/block.4/Mul_1,6
/features/features.5/features.5.15/block/block.5/MatMul,6
/features/features.5/features.5.15/block/block.5/Add,6
/features/features.5/features.5.15/block/block.6/Transpose,6
/features/features.5/features.5.15/Mul,6
/features/features.5/features.5.15/Add,6
/features/features.5/features.5.16/block/block.0/Conv,6
/features/features.5/features.5.16/block/block.1/Transpose,6
/features/features.5/features.5.16/block/block.2/ReduceMean,6
/features/features.5/features.5.16/block/block.2/Sub,6
/features/features.5/features.5.16/block/block.2/Pow,6
/features/features.5/features.5.16/block/block.2/ReduceMean_1,6
/features/features.5/features.5.16/block/block.2/Add,6
/features/features.5/features.5.16/block/block.2/Sqrt,6
/features/features.5/features.5.16/block/block.2/Div,6
/features/features.5/features.5.16/block/block.2/Mul,6
/features/features.5/features.5.16/block/block.2/Add_1,6
/features/features.5/features.5.16/block/block.3/MatMul,6
/features/features.5/features.5.16/block/block.3/Add,6
/features/features.5/features.5.16/block/block.4/Div,6
/features/features.5/features.5.16/block/block.4/Erf,6
/features/features.5/features.5.16/block/block.4/Add,6
/features/features.5/features.5.16/block/block.4/Mul,6
/features/features.5/features.5.16/block/block.4/Mul_1,6
/features/features.5/features.5.16/block/block.5/MatMul,6
/features/features.5/features.5.16/block/block.5/Add,6
/features/features.5/features.5.16/block/block.6/Transpose,6
/features/features.5/features.5.16/Mul,6
/features/features.5/features.5.16/Add,6
/features/features.5/features.5.17/block/block.0/Conv,7
/features/features.5/features.5.17/block/block.1/Transpose,7
/features/features.5/features.5.17/block/block.2/ReduceMean,7
/features/features.5/features.5.17/block/block.2/Sub,7
/features/features.5/features.5.17/block/block.2/Pow,7
/features/features.5/features.5.17/block/block.2/ReduceMean_1,7
/features/features.5/features.5.17/block/block.2/Add,7
/features/features.5/features.5.17/block/block.2/Sqrt,7
/features/features.5/features.5.17/block/block.2/Div,7
/features/features.5/features.5.17/block/block.2/Mul,7
/features/features.5/features.5.17/block/block.2/Add_1,7
/features/features.5/features.5.17/block/block.3/MatMul,7
/features/features.5/features.5.17/block/block.3/Add,7
/features/features.5/features.5.17/block/block.4/Div,7
/features/features.5/features.5.17/block/block.4/Erf,7
/features/features.5/features.5.17/block/block.4/Add,7
/features/features.5/features.5.17/block/block.4/Mul,7
/features/features.5/features.5.17/block/block.4/Mul_1,7
/features/features.5/features.5.17/block/block.5/MatMul,7
/features/features.5/features.5.17/block/block.5/Add,7
/features/features.5/features.5.17/block/block.6/Transpose,7
/features/features.5/features.5.17/Mul,7
/features/features.5/features.5.17/Add,7
/features/features.5/features.5.18/block/block.0/Conv,7
/features/features.5/features.5.18/block/block.1/Transpose,7
/features/features.5/features.5.18/block/block.2/ReduceMean,7
/features/features.5/features.5.18/block/block.2/Sub,7
/features/features.5/features.5.18/block/block.2/Pow,7
/features/features.5/features.5.18/block/block.2/ReduceMean_1,7
/features/features.5/features.5.18/block/block.2/Add,7
/features/features.5/features.5.18/block/block.2/Sqrt,7
/features/features.5/features.5.18/block/block.2/Div,7
/features/features.5/features.5.18/block/block.2/Mul,7
/features/features.5/features.5.18/block/block.2/Add_1,7
/features/features.5/features.5.18/block/block.3/MatMul,7
/features/features.5/features.5.18/block/block.3/Add,7
/features/features.5/features.5.18/block/block.4/Div,7
/features/features.5/features.5.18/block/block.4/Erf,7
/features/features.5/features.5.18/block/block.4/Add,7
/features/features.5/features.5.18/block/block.4/Mul,7
/features/features.5/features.5.18/block/block.4/Mul_1,7
/features/features.5/features.5.18/block/block.5/MatMul,7
/features/features.5/features.5.18/block/block.5/Add,7
/features/features.5/features.5.18/block/block.6/Transpose,7
/features/features.5/features.5.18/Mul,7
/features/features.5/features.5.18/Add,7
/features/features.5/features.5.19/block/block.0/Conv,7
/features/features.5/features.5.19/block/block.1/Transpose,7
/features/features.5/features.5.19/block/block.2/ReduceMean,7
/features/features.5/features.5.19/block/block.2/Sub,7
/features/features.5/features.5.19/block/block.2/Pow,7
/features/features.5/features.5.19/block/block.2/ReduceMean_1,7
/features/features.5/features.5.19/block/block.2/Add,7
/features/features.5/features.5.19/block/block.2/Sqrt,7
/features/features.5/features.5.19/block/block.2/Div,7
/features/features.5/features.5.19/block/block.2/Mul,7
/features/features.5/features.5.19/block/block.2/Add_1,7
/features/features.5/features.5.19/block/block.3/MatMul,7
/features/features.5/features.5.19/block/block.3/Add,7
/features/features.5/features.5.19/block/block.4/Div,7
/features/features.5/features.5.19/block/block.4/Erf,7
/features/features.5/features.5.19/block/block.4/Add,7
/features/features.5/features.5.19/block/block.4/Mul,7
/features/features.5/features.5.19/block/block.4/Mul_1,7
/features/features.5/features.5.19/block/block.5/MatMul,7
/features/features.5/features.5.19/block/block.5/Add,7
/features/features.5/features.5.19/block/block.6/Transpose,7
/features/features.5/features.5.19/Mul,7
/features/features.5/features.5.19/Add,7
/features/features.5/features.5.20/block/block.0/Conv,7
/features/features.5/features.5.20/block/block.1/Transpose,7
/features/features.5/features.5.20/block/block.2/ReduceMean,7
/features/features.5/features.5.20/block/block.2/Sub,7
/features/features.5/features.5.20/block/block.2/Pow,7
/features/features.5/features.5.20/block/block.2/ReduceMean_1,7
/features/features.5/features.5.20/block/block.2/Add,7
/features/features.5/features.5.20/block/block.2/Sqrt,7
/features/features.5/features.5.20/block/block.2/Div,7
/features/features.5/features.5.20/block/block.2/Mul,7
/features/features.5/features.5.20/block/block.2/Add_1,7
/features/features.5/features.5.20/block/block.3/MatMul,7
/features/features.5/features.5.20/block/block.3/Add,7
/features/features.5/features.5.20/block/block.4/Div,7
/features/features.5/features.5.20/block/block.4/Erf,7
/features/features.5/features.5.20/block/block.4/Add,7
/features/features.5/features.5.20/block/block.4/Mul,7
/features/features.5/features.5.20/block/block.4/Mul_1,7
/features/features.5/features.5.20/block/block.5/MatMul,7
/features/features.5/features.5.20/block/block.5/Add,7
/features/features.5/features.5.20/block/block.6/Transpose,7
/features/features.5/features.5.20/Mul,7
/features/features.5/features.5.20/Add,7
/features/features.5/features.5.21/block/block.0/Conv,7
/features/features.5/features.5.21/block/block.1/Transpose,7
/features/features.5/features.5.21/block/block.2/ReduceMean,7
/features/features.5/features.5.21/block/block.2/Sub,7
/features/features.5/features.5.21/block/block.2/Pow,7
/features/features.5/features.5.21/block/block.2/ReduceMean_1,7
/features/features.5/features.5.21/block/block.2/Add,7
/features/features.5/features.5.21/block/block.2/Sqrt,7
/features/features.5/features.5.21/block/block.2/Div,7
/features/features.5/features.5.21/block/block.2/Mul,7
/features/features.5/features.5.21/block/block.2/Add_1,7
/features/features.5/features.5.21/block/block.3/MatMul,7
/features/features.5/features.5.21/block/block.3/Add,7
/features/features.5/features.5.21/block/block.4/Div,7
/features/features.5/features.5.21/block/block.4/Erf,7
/features/features.5/features.5.21/block/block.4/Add,7
/features/features.5/features.5.21/block/block.4/Mul,7
/features/features.5/features.5.21/block/block.4/Mul_1,7
/features/features.5/features.5.21/block/block.5/MatMul,7
/features/features.5/features.5.21/block/block.5/Add,7
/features/features.5/features.5.21/block/block.6/Transpose,7
/features/features.5/features.5.21/Mul,7
/features/features.5/features.5.21/Add,7
/features/features.5/features.5.22/block/block.0/Conv,8
/features/features.5/features.5.22/block/block.1/Transpose,8
/features/features.5/features.5.22/block/block.2/ReduceMean,8
/features/features.5/features.5.22/block/block.2/Sub,8
/features/features.5/features.5.22/block/block.2/Pow,8
/features/features.5/features.5.22/block/block.2/ReduceMean_1,8
/features/features.5/features.5.22/block/block.2/Add,8
/features/features.5/features.5.22/block/block.2/Sqrt,8
/features/features.5/features.5.22/block/block.2/Div,8
/features/features.5/features.5.22/block/block.2/Mul,8
/features/features.5/features.5.22/block/block.2/Add_1,8
/features/features.5/features.5.22/block/block.3/MatMul,8
/features/features.5/features.5.22/block/block.3/Add,8
/features/features.5/features.5.22/block/block.4/Div,8
/features/features.5/features.5.22/block/block.4/Erf,8
/features/features.5/features.5.22/block/block.4/Add,8
/features/features.5/features.5.22/block/block.4/Mul,8
/features/features.5/features.5.22/block/block.4/Mul_1,8
/features/features.5/features.5.22/block/block.5/MatMul,8
/features/features.5/features.5.22/block/block.5/Add,8
/features/features.5/features.5.22/block/block.6/Transpose,8
/features/features.5/features.5.22/Mul,8
/features/features.5/features.5.22/Add,8
/features/features.5/features.5.23/block/block.0/Conv,8
/features/features.5/features.5.23/block/block.1/Transpose,8
/features/features.5/features.5.23/block/block.2/ReduceMean,8
/features/features.5/features.5.23/block/block.2/Sub,8
/features/features.5/features.5.23/block/block.2/Pow,8
/features/features.5/features.5.23/block/block.2/ReduceMean_1,8
/features/features.5/features.5.23/block/block.2/Add,8
/features/features.5/features.5.23/block/block.2/Sqrt,8
/features/features.5/features.5.23/block/block.2/Div,8
/features/features.5/features.5.23/block/block.2/Mul,8
/features/features.5/features.5.23/block/block.2/Add_1,8
/features/features.5/features.5.23/block/block.3/MatMul,8
/features/features.5/features.5.23/block/block.3/Add,8
/features/features.5/features.5.23/block/block.4/Div,8
/features/features.5/features.5.23/block/block.4/Erf,8
/features/features.5/features.5.23/block/block.4/Add,8
/features/features.5/features.5.23/block/block.4/Mul,8
/features/features.5/features.5.23/block/block.4/Mul_1,8
/features/features.5/features.5.23/block/block.5/MatMul,8
/features/features.5/features.5.23/block/block.5/Add,8
/features/features.5/features.5.23/block/block.6/Transpose,8
/features/features.5/features.5.23/Mul,8
/features/features.5/features.5.23/Add,8
/features/features.5/features.5.24/block/block.0/Conv,8
/features/features.5/features.5.24/block/block.1/Transpose,8
/features/features.5/features.5.24/block/block.2/ReduceMean,8
/features/features.5/features.5.24/block/block.2/Sub,8
/features/features.5/features.5.24/block/block.2/Pow,8
/features/features.5/features.5.24/block/block.2/ReduceMean_1,8
/features/features.5/features.5.24/block/block.2/Add,8
/features/features.5/features.5.24/block/block.2/Sqrt,8
/features/features.5/features.5.24/block/block.2/Div,8
/features/features.5/features.5.24/block/block.2/Mul,8
/features/features.5/features.5.24/block/block.2/Add_1,8
/features/features.5/features.5.24/block/block.3/MatMul,8
/features/features.5/features.5.24/block/block.3/Add,8
/features/features.5/features.5.24/block/block.4/Div,8
/features/features.5/features.5.24/block/block.4/Erf,8
/features/features.5/features.5.24/block/block.4/Add,8
/features/features.5/features.5.24/block/block.4/Mul,8
/features/features.5/features.5.24/block/block.4/Mul_1,8
/features/features.5/features.5.24/block/block.5/MatMul,8
/features/features.5/features.5.24/block/block.5/Add,8
/features/features.5/features.5.24/block/block.6/Transpose,8
/features/features.5/features.5.24/Mul,8
/features/features.5/features.5.24/Add,8
/features/features.5/features.5.25/block/block.0/Conv,8
/features/features.5/features.5.25/block/block.1/Transpose,8
/features/features.5/features.5.25/block/block.2/ReduceMean,8
/features/features.5/features.5.25/block/block.2/Sub,8
/features/features.5/features.5.25/block/block.2/Pow,8
/features/features.5/features.5.25/block/block.2/ReduceMean_1,8
/features/features.5/features.5.25/block/block.2/Add,8
/features/features.5/features.5.25/block/block.2/Sqrt,8
/features/features.5/features.5.25/block/block.2/Div,8
/features/features.5/features.5.25/block/block.2/Mul,8
/features/features.5/features.5.25/block/block.2/Add_1,8
/features/features.5/features.5.25/block/block.3/MatMul,8
/features/features.5/features.5.25/block/block.3/Add,8
/features/features.5/features.5.25/block/block.4/Div,8
/features/features.5/features.5.25/block/block.4/Erf,8
/features/features.5/features.5.25/block/block.4/Add,8
/features/features.5/features.5.25/block/block.4/Mul,8
/features/features.5/features.5.25/block/block.4/Mul_1,8
/features/features.5/features.5.25/block/block.5/MatMul,8
/features/features.5/features.5.25/block/block.5/Add,8
/features/features.5/features.5.25/block/block.6/Transpose,8
/features/features.5/features.5.25/Mul,8
/features/features.5/features.5.25/Add,8
/features/features.5/features.5.26/block/block.0/Conv,8
/features/features.5/features.5.26/block/block.1/Transpose,8
/features/features.5/features.5.26/block/block.2/ReduceMean,8
/features/features.5/features.5.26/block/block.2/Sub,8
/features/features.5/features.5.26/block/block.2/Pow,8
/features/features.5/features.5.26/block/block.2/ReduceMean_1,8
/features/features.5/features.5.26/block/block.2/Add,8
/features/features.5/features.5.26/block/block.2/Sqrt,8
/features/features.5/features.5.26/block/block.2/Div,8
/features/features.5/features.5.26/block/block.2/Mul,8
/features/features.5/features.5.26/block/block.2/Add_1,8
/features/features.5/features.5.26/block/block.3/MatMul,8
/features/features.5/features.5.26/block/block.3/Add,8
/features/features.5/features.5.26/block/block.4/Div,8
/features/features.5/features.5.26/block/block.4/Erf,8
/features/features.5/features.5.26/block/block.4/Add,8
/features/features.5/features.5.26/block/block.4/Mul,8
/features/features.5/features.5.26/block/block.4/Mul_1,8
/features/features.5/features.5.26/block/block.5/MatMul,8
/features/features.5/features.5.26/block/block.5/Add,8
/features/features.5/features.5.26/block/block.6/Transpose,8
/features/features.5/features.5.26/Mul,8
/features/features.5/features.5.26/Add,8
/features/features.6/features.6.0/Transpose,8
/features/features.6/features.6.0/ReduceMean,8
/features/features.6/features.6.0/Sub,8
/features/features.6/features.6.0/Pow,8
/features/features.6/features.6.0/ReduceMean_1,8
/features/features.6/features.6.0/Add,8
/features/features.6/features.6.0/Sqrt,8
/features/features.6/features.6.0/Div,8
/features/features.6/features.6.0/Mul,8
/features/features.6/features.6.0/Add_1,8
/features/features.6/features.6.0/Transpose_1,8
/features/features.6/features.6.1/Conv,8
/features/features.7/features.7.0/block/block.0/Conv,9
/features/features.7/features.7.0/block/block.1/Transpose,9
/features/features.7/features.7.0/block/block.2/ReduceMean,9
/features/features.7/features.7.0/block/block.2/Sub,9
/features/features.7/features.7.0/block/block.2/Pow,9
/features/features.7/features.7.0/block/block.2/ReduceMean_1,9
/features/features.7/features.7.0/block/block.2/Add,9
/features/features.7/features.7.0/block/block.2/Sqrt,9
/features/features.7/features.7.0/block/block.2/Div,9
/features/features.7/features.7.0/block/block.2/Mul,9
/features/features.7/features.7.0/block/block.2/Add_1,9
/features/features.7/features.7.0/block/block.3/MatMul,9
/features/features.7/features.7.0/block/block.3/Add,9
/features/features.7/features.7.0/block/block.4/Div,9
/features/features.7/features.7.0/block/block.4/Erf,9
/features/features.7/features.7.0/block/block.4/Add,9
/features/features.7/features.7.0/block/block.4/Mul,9
/features/features.7/features.7.0/block/block.4/Mul_1,9
/features/features.7/features.7.0/block/block.5/MatMul,9
/features/features.7/features.7.0/block/block.5/Add,9
/features/features.7/features.7.0/block/block.6/Transpose,9
/features/features.7/features.7.0/Mul,9
/features/features.7/features.7.0/Add,9
/features/features.7/features.7.1/block/block.0/Conv,9
/features/features.7/features.7.1/block/block.1/Transpose,9
/features/features.7/features.7.1/block/block.2/ReduceMean,9
/features/features.7/features.7.1/block/block.2/Sub,9
/features/features.7/features.7.1/block/block.2/Pow,9
/features/features.7/features.7.1/block/block.2/ReduceMean_1,9
/features/features.7/features.7.1/block/block.2/Add,9
/features/features.7/features.7.1/block/block.2/Sqrt,9
/features/features.7/features.7.1/block/block.2/Div,9
/features/features.7/features.7.1/block/block.2/Mul,9
/features/features.7/features.7.1/block/block.2/Add_1,9
/features/features.7/features.7.1/block/block.3/MatMul,9
/features/features.7/features.7.1/block/block.3/Add,9
/features/features.7/features.7.1/block/block.4/Div,9
/features/features.7/features.7.1/block/block.4/Erf,9
/features/features.7/features.7.1/block/block.4/Add,9
/features/features.7/features.7.1/block/block.4/Mul,9
/features/features.7/features.7.1/block/block.4/Mul_1,9
/features/features.7/features.7.1/block/block.5/MatMul,9
/features/features.7/features.7.1/block/block.5/Add,9
/features/features.7/features.7.1/block/block.6/Transpose,9
/features/features.7/features.7.1/Mul,9
/features/features.7/features.7.1/Add,9
/features/features.7/features.7.2/block/block.0/Conv,9
/features/features.7/features.7.2/block/block.1/Transpose,9
/features/features.7/features.7.2/block/block.2/ReduceMean,9
/features/features.7/features.7.2/block/block.2/Sub,9
/features/features.7/features.7.2/block/block.2/Pow,9
/features/features.7/features.7.2/block/block.2/ReduceMean_1,9
/features/features.7/features.7.2/block/block.2/Add,9
/features/features.7/features.7.2/block/block.2/Sqrt,9
/features/features.7/features.7.2/block/block.2/Div,9
/features/features.7/features.7.2/block/block.2/Mul,9
/features/features.7/features.7.2/block/block.2/Add_1,9
/features/features.7/features.7.2/block/block.3/MatMul,9
/features/features.7/features.7.2/block/block.3/Add,9
/features/features.7/features.7.2/block/block.4/Div,9
/features/features.7/features.7.2/block/block.4/Erf,9
/features/features.7/features.7.2/block/block.4/Add,9
/features/features.7/features.7.2/block/block.4/Mul,9
/features/features.7/features.7.2/block/block.4/Mul_1,9
/features/features.7/features.7.2/block/block.5/MatMul,9
/features/features.7/features.7.2/block/block.5/Add,9
/features/features.7/features.7.2/block/block.6/Transpose,9
/features/features.7/features.7.2/Mul,9
/features/features.7/features.7.2/Add,9
/avgpool/GlobalAveragePool,9
/classifier/classifier.0/Transpose,9
/classifier/classifier.0/ReduceMean,9
/classifier/classifier.0/Sub,9
/classifier/classifier.0/Pow,9
/classifier/classifier.0/ReduceMean_1,9
/classifier/classifier.0/Add,9
/classifier/classifier.0/Sqrt,9
/classifier/classifier.0/Div,9
/classifier/classifier.0/Mul,9
/classifier/classifier.0/Add_1,9
/classifier/classifier.0/Transpose_1,9
/classifier/classifier.1/Flatten,9
/classifier/classifier.2/Gemm,9
